"","ID2003_d","Area2003","elev_MEAN.2003","ovslp_MEAN.2003","dstrds00_MEAN.2003","dstrds16_MEAN.2003","PAs_MEAN.2003","prmforlag_MEAN.2003","dstrds.2001","dstrds.2002","dstrds.2003","dstrds.2004","dstrds.2005","dstrds.2006","dstrds.2007","dstrds.2008","dstrds.2009","dstrds.2010","dstrds.2011","dstrds.2012","dstrds.2013","dstrds.2014","dstrds.2015","dstrds.2016","pop.2003","AreaNonFor_3km","AreaFor_3km","VCA","HKDII","AreaConc","Area2003_z","elev_MEAN.2003_z","ovslp_MEAN.2003_z","dstrds00_MEAN.2003_z","PAs_MEAN.2003_z","prmforlag_MEAN.2003_z","AreaNonFor_3km_z","AreaFor_3km_z","AreaConc_z","pop.2003_z","ps03.1","distance","weights"
"X1",1302010001,463743729,50.49509,0.08679081,11271.33,1582.9979908511,0.06584024,0.07391308,10665.8092494282,10060.2884988564,9454.76774828458,8849.24699771277,8243.72624714097,7638.20549656916,7032.68474599736,6427.16399542555,5821.64324485375,5216.12249428194,4610.60174371013,4005.08099313833,3399.56024256652,2794.03949199472,2188.51874142291,1582.9979908511,57.2634752270034,17.19,1573.74,1,1,1262.73359649071,2.65085661658445,-1.88472485697434,-2.95438594924872,1.61913903591146,-1.46381078797928,-1.14644006598656,-0.813523682968963,0.611112900481438,5.69742172451319,-0.196238429482057,0.0877305321928765,0.0939345439267177,1
"X2",1302010002,462709037,163.0058,0.3420156,6281.543,4241.08687348021,0.2131038,0.2310532,6154.01449209251,6026.48598418503,5898.95747627754,5771.42896837005,5643.90046046257,5516.37195255508,5388.84344464759,5261.31493674011,5133.78642883262,5006.25792092513,4878.72941301765,4751.20090511016,4623.67239720267,4496.14388929519,4368.6153813877,4241.08687348021,57.5307326834944,512.91,6028.92,0,0,548.816296854219,2.64336737013794,-1.64675747139147,-1.76417404626093,0.238075768442905,-0.960877518084443,-0.641032332962196,-0.422180623596204,3.74608851971775,2.35603552653546,-0.191198131878329,0.144551693419262,0.154653134326188,1
"X3",1302020001,477010676,235.5219,0.4245429,4883.622,5347.07525550266,0.3153408,0.3188482,4912.58782846892,4941.55365693783,4970.51948540675,4999.48531387567,5028.45114234458,5057.4169708135,5086.38279928242,5115.34862775133,5144.31445622025,5173.28028468916,5202.24611315808,5231.211941627,5260.17777009591,5289.14359856483,5318.10942703375,5347.07525550266,57.5349319829837,3034.8,1567.62,1,1,126.541988392625,2.74688464780138,-1.49338125743223,-1.37931732924122,-0.148838010426396,-0.611718576699087,-0.358658411389056,1.56870969352145,0.606806441305888,0.379641976788744,-0.191118935887199,0.311686703669997,0.337803616272404,1
"X5",1302040001,255619988,400.8325,0.6857018,11478.65,8340.18050901945,0.5641644,0.4597445,11282.4956568137,11086.3413136274,10890.1869704411,10694.0326272549,10497.8782840686,10301.7239408823,10105.569597696,9909.41525450972,9713.26091132344,9517.10656813715,9320.95222495087,9124.79788176459,8928.6435385783,8732.48919539202,8536.33485220573,8340.18050901945,57.2473089609885,2089.08,704.79,0,0,59.292653841525,1.14442766215124,-1.14373870970379,-0.161432376328928,1.6765206509206,0.238061686490298,0.0945045337233706,0.822116943360062,-0.000340972164648774,0.0648912368828107,-0.196543314490416,0.220258624999275,0.217111002903265,1
"X8",1302060001,467427421,754.0819,0.8535022,12090.88,6380.38784324872,0.7857474,0.7649608,11733.974240203,11377.0684804061,11020.1627206091,10663.2569608122,10306.3512010152,9949.44544121827,9592.53968142132,9235.63392162436,8878.7281618274,8521.82240203045,8164.9166422335,7808.01088243654,7451.10512263959,7094.19936284263,6737.29360304568,6380.38784324872,57.0439200587857,5015.34,646.38,0,0,41.3176625950188,2.67751969817885,-0.396593516355366,0.621085785038206,1.84597244600569,0.994810081973257,1.07616776692622,3.13223463262039,-0.0414423251783526,-0.0192380981121923,-0.200379093704427,0.553923713346253,0.563731033680951,1
"X9",1302060002,170555139,444.7828,0.7189815,11697.72,3314.54697334104,0.5251715,0.5045119,11173.7716858338,10649.8233716676,10125.8750575014,9601.92674333526,9077.97842916907,8554.03011500289,8030.0818008367,7506.13348667052,6982.18517250433,6458.23685833815,5934.28854417196,5410.34023000578,4886.39191583959,4362.44360167341,3838.49528750722,3314.54697334104,57.38033200748,1959.21,1357.02,1,1,15.0930638318813,0.528716302541916,-1.05078099939707,-0.00623626443140065,1.73715440743252,0.104893462798826,0.238489342614918,0.719591882598463,0.458613581441378,-0.141978522527273,-0.194034588442974,0.200956176075771,0.212194107020566,1
"X10",1302070001,131371771,189.8073,0.5261708,6715.568,906.364065085732,0.3115968,0.1711398,6352.49275406786,5989.41750813572,5626.34226220358,5263.26701627143,4900.19177033929,4537.11652440715,4174.04127847501,3810.96603254287,3447.89078661072,3084.81554067858,2721.74029474644,2358.6650488143,1995.58980288216,1632.51455695002,1269.43931101787,906.364065085732,57.3857822999259,4308.48,811.98,0,0,32.8651117363563,0.245101565444663,-1.59007057567551,-0.905387127337032,0.358204339995767,-0.624505053968048,-0.833731025516216,2.5742084183296,0.0750853936894672,-0.0587990343595984,-0.193931799557996,0.385657546033292,0.397906334663762,1
"X12",1302080001,72521582,131.0403,0.6320838,1500.221,1052.71020090045,0.1362841,0.1313082,1472.25157505628,1444.28215011256,1416.31272516883,1388.34330022511,1360.37387528139,1332.40445033767,1304.43502539395,1276.46560045022,1248.4961755065,1220.52675056278,1192.55732561906,1164.58790067534,1136.61847573161,1108.64905078789,1080.67962584417,1052.71020090045,55.0149974165292,1311.75,587.25,0,0,0,-0.18086439239129,-1.71436655912942,-0.411473846886704,-1.08528897320625,-1.22323151056799,-0.961840884785339,0.208458627491777,-0.0830503204480034,-0.212619414964987,-0.238643223230255,0.227046557349837,0.248308588497253,1
"X13",1302080002,180501014,797.131,0.8956217,5675.434,4163.84980827095,0.621837,0.6030046,5580.95998801693,5486.48597603387,5392.0119640508,5297.53795206774,5203.06394008467,5108.58992810161,5014.11591611854,4919.64190413547,4825.16789215241,4730.69388016934,4636.21986818628,4541.74585620321,4447.27184422014,4352.79783223708,4258.32382025401,4163.84980827095,58.1046965048863,3714.57,1463.13,0,0,0,0.60070594680443,-0.305541901991759,0.817505303094796,0.0703181314972598,0.435024664305972,0.555270138165083,2.10534987642676,0.533279983911574,-0.212619414964987,-0.180373556535991,0.520379828165848,0.528654014210287,1
"X16",1302090003,163053444,1083.354,0.8742224,2602.993,3696.1922896609,0.6718057,0.6195208,2671.31795560381,2739.64291120761,2807.96786681142,2876.29282241522,2944.61777801903,3012.94273362284,3081.26768922664,3149.59264483045,3217.91760043425,3286.24255603806,3354.56751164187,3422.89246724567,3491.21742284948,3559.54237845328,3627.86733405709,3696.1922896609,57.8727592995826,2792.43,36.9,1,0,0,0.474417977415583,0.299838145860454,0.717712091096829,-0.780065944328897,0.60567734772198,0.608390978343752,1.3773722100627,-0.470314994837524,-0.212619414964987,-0.184747737729873,0.492007066671869,0.482448695458735,1
"X17",1302090004,142934393,1033.759,0.9321618,6387.497,4043.36103056953,0.789981,0.7622262,6240.9885019106,6094.48000382119,5947.97150573179,5801.46300764238,5654.95450955298,5508.44601146357,5361.93751337417,5215.42901528477,5068.92051719536,4922.41201910596,4775.90352101655,4629.39502292715,4482.88652483775,4336.37802674834,4189.86952865894,4043.36103056953,58.1028949575713,2266.29,589.14,1,0,0,0.328793452234102,0.194941532124903,0.987905921139635,0.267401504680016,1.00926863703893,1.06737250835871,0.962014271592626,-0.0817203845261424,-0.212619414964987,-0.180407532518304,0.416614834434898,0.404959104513628,1
"X19",1302100002,65002517,952.4656,0.8642186,3022.043,3692.56113211598,0.6495382,0.3389136,3063.95038325725,3105.8577665145,3147.76514977175,3189.67253302899,3231.57991628624,3273.48729954349,3315.39468280074,3357.30206605799,3399.20944931524,3441.11683257249,3483.02421582974,3524.93159908698,3566.83898234423,3608.74636560148,3650.65374885873,3692.56113211598,59.073482131958,753.12,236.88,0,0,0,-0.235288444024426,0.0230007643247295,0.671060502765188,-0.664082123329583,0.529629569253339,-0.294122325211784,-0.232548338653232,-0.329595108248233,-0.212619414964987,-0.162102904937464,0.281080738256545,0.228990104673055,1
"X20",1302100003,57225984,556.812,0.8045037,1211.083,1590.34350564102,0.3804724,0.1528494,1234.78678160256,1258.49056320513,1282.19434480769,1305.89812641025,1329.60190801282,1353.30568961538,1377.00947121794,1400.71325282051,1424.41703442307,1448.12081602563,1471.8245976282,1495.52837923076,1519.23216083332,1542.93594243589,1566.63972403845,1590.34350564102,59.0016116811268,2174.85,762.66,1,1,0,-0.291576085309451,-0.813832038423129,0.392586829554504,-1.16531601063877,-0.38928168490126,-0.892558202179367,0.889827534424375,0.0403803991570948,-0.212619414964987,-0.163458333765754,0.370793310531723,0.344490657579322,1
"X21",1302100004,118789354,1089.532,0.8988265,1687.636,1869.07661449311,0.5008674,0.4862539,1698.97603840582,1710.31607681164,1721.65611521746,1732.99615362328,1744.3361920291,1755.67623043491,1767.01626884073,1778.35630724655,1789.69634565237,1801.03638405819,1812.37642246401,1823.71646086983,1835.05649927565,1846.39653768147,1857.73657608729,1869.07661449311,57.640852419764,3049.02,992.52,1,1,0,0.154028258793152,0.312905013078081,0.832450524939019,-1.03341662429183,0.0218903051619252,0.179766373652193,1.57993558375037,0.202125939368188,-0.212619414964987,-0.189121347005306,0.485772704973043,0.499095680095045,1
"X22",1303040001,127433260,1328.478,0.8740466,2466.778,1784.97018689222,0.2624936,0.2383892,2424.16501168076,2381.55202336153,2338.93903504229,2296.32604672306,2253.71305840382,2211.10007008458,2168.48708176535,2125.87409344611,2083.26110512687,2040.64811680764,1998.0351284884,1955.42214016917,1912.80915184993,1870.19616353069,1827.58317521146,1784.97018689222,85.1248344572964,3356.73,37.26,1,1,0,0.216594068033526,0.818291166231723,0.716892267706847,-0.817767259631179,-0.792201889073082,-0.61743765116186,1.82285532231164,-0.47006167370955,-0.212619414964987,0.329208246576466,0.359995546078802,0.407129277031041,1
"X23",1303040002,106157345,1618.917,0.9265665,2071.516,2374.9503036674,0.3334351,0.344829,2090.48064397921,2109.44528795843,2128.40993193764,2147.37457591685,2166.33921989606,2185.30386387528,2204.26850785449,2223.2331518337,2242.19779581292,2261.16243979213,2280.12708377134,2299.09172775055,2318.05637172977,2337.02101570898,2355.98565968819,2374.9503036674,85.6621887951362,2330.1,238.32,1,1,0,0.0625959982599296,1.43258832515378,0.96181287327862,-0.927167085560854,-0.549923075724792,-0.275096700794975,1.01238867774645,-0.328581823736339,-0.212619414964987,0.339342391445341,0.298288516016251,0.340093445639069,1
"X25",1303050004,108229679,1711.52,0.8710662,1622.607,1053.90814628576,0.1902112,0.100499,1587.06332164286,1551.51964328572,1515.97596492858,1480.43228657144,1444.8886082143,1409.34492985716,1373.80125150002,1338.25757314288,1302.71389478574,1267.1702164286,1231.62653807146,1196.08285971432,1160.53918135718,1124.99550300004,1089.4518246429,1053.90814628576,84.5598534860919,4049.01,144.63,0,0,0,0.0775958436685147,1.6284496241104,0.702993509848471,-1.05141522086924,-1.03906013280865,-1.06093211577265,2.36937144662088,-0.394508647291448,-0.212619414964987,0.318553081805001,0.384419732086048,0.433594836663824,1
"X26",1303071002,93353636,1482.62,0.8292262,1708.949,2096.92973789936,0.4008021,0.4631997,1733.19779611871,1757.44659223742,1781.69538835613,1805.94418447484,1830.19298059355,1854.44177671226,1878.69057283097,1902.93936894968,1927.18816506839,1951.4369611871,1975.68575730581,1999.93455342452,2024.18334954323,2048.43214566194,2072.68094178065,2096.92973789936,84.3692120846835,2021.58,2650.59,0,0,0,-0.0300790510595861,1.14431140686939,0.507877408387444,-1.02751765477278,-0.319851864672949,0.105617448739254,0.768829489741767,1.36885972453223,-0.212619414964987,0.314957711964601,0.291259386573079,0.332530169608698,1
"X29",1310030003,512598831,299.9655,0.3157336,3036.327,1100.00065780964,0.04580411,0.000275664,2915.3066036131,2794.28620722621,2673.26581083931,2552.24541445241,2431.22501806551,2310.20462167862,2189.18422529172,2068.16382890482,1947.14343251792,1826.12303613103,1705.10263974413,1584.08224335723,1463.06184697033,1342.04145058344,1221.02105419654,1100.00065780964,32.9453618329366,3816.63,1551.33,0,0,1571.42938379899,3.00447672676971,-1.35707889999845,-1.88673717672457,-0.660128626374198,-1.53223801041597,-1.38327913347824,2.18592050629762,0.595343660265086,7.14222750749524,-0.654861849298328,0.595041852414703,0.590663416205938,1
"X30",1310040001,301793042,1066.594,0.8306361,5549.4,3760.32389981782,0.3369415,0.3305005,5437.58274373861,5325.76548747723,5213.94823121584,5102.13097495445,4990.31371869307,4878.49646243168,4766.67920617029,4654.86194990891,4543.04469364752,4431.22743738613,4319.41018112475,4207.59292486336,4095.77566860198,3983.95841234059,3872.1411560792,3760.32389981782,31.9388246341185,5073.03,1385.55,1,1,48.7697555872,1.47863473110936,0.264389668267797,0.514452317360912,0.0354346930153901,-0.537948047974822,-0.321181269793901,3.17777764297949,0.47868928083328,0.015640340444766,-0.673844470392894,0.54971290318825,0.587994838238846,1
"X31",1310040004,56127136,1112.749,0.8965412,4522.34,3877.89959848091,0.7192887,0.5256322,4482.06247490506,4441.78494981011,4401.50742471517,4361.22989962023,4320.95237452528,4280.67484943034,4240.3973243354,4200.11979924045,4159.84227414551,4119.56474905057,4079.28722395562,4039.00969886068,3998.73217376574,3958.45464867079,3918.17712357585,3877.89959848091,31.8881665706635,1562.49,0,0,0,0,-0.299529701921219,0.362010460826811,0.821793287207928,-0.248832919908019,0.767840889431937,0.306418290001456,0.406403755199204,-0.49628041045481,-0.212619414964987,-0.674799847725277,0.36905416772098,0.322020996613094,1
"X34",1311010001,314173877,413.4061,0.3623616,5289.083,3377.71329138324,0.1135569,0.005881089,5169.62239321145,5050.1617864229,4930.70117963436,4811.24057284581,4691.77996605726,4572.31935926871,4452.85875248017,4333.39814569162,4213.93753890307,4094.47693211452,3975.01632532598,3855.55571853743,3736.09511174888,3616.63450496033,3497.17389817179,3377.71329138324,47.773154024427,858.69,2184.39,1,0,481.100348610294,1.56824895884929,-1.11714473727783,-1.66929277952273,-0.036615325672304,-1.30084925260515,-1.36525047763982,-0.149206761194219,1.04080886380652,2.03910086903321,-0.375219565664372,0.142102249000011,0.145385832111128,1
"X35",1501010001,54966084,984.8491,0.9070144,2585.067,6545.16472716687,0.8840587,0.9081115,2832.57310794793,3080.07921589586,3327.58532384379,3575.09143179172,3822.59753973965,4070.10364768758,4317.60975563551,4565.11586358344,4812.62197153136,5060.12807947929,5307.63418742722,5555.14029537515,5802.64640332308,6050.15251127101,6297.65861921894,6545.16472716687,54.4554551442464,423.36,131.76,0,0,0,-0.307933559847272,0.0914939489382027,0.870633869278234,-0.785027466761145,1.33056200577988,1.53658150956464,-0.492875312063142,-0.403564877616501,-0.212619414964987,-0.249195817762884,0.36932435801811,0.342546369227228,1
"X39",1501010005,60826821,1412.175,0.8026425,5926.967,5014.5005596948,0.6677665,0.6974463,5869.93784748092,5812.90869496185,5755.87954244277,5698.8503899237,5641.82123740462,5584.79208488555,5527.76293236647,5470.7337798474,5413.70462732832,5356.67547480925,5299.64632229017,5242.6171697711,5185.58801725202,5128.55886473295,5071.52971221387,5014.5005596948,51.8611713892977,1008,465.12,0,0,0,-0.265512719876314,0.995315702572571,0.383907334142475,0.139936932230872,0.59188270589912,0.85902175487485,-0.0313349137905502,-0.16898951311302,-0.212619414964987,-0.298122281275414,0.235769253766191,0.242165168137351,1
"X42",1501010011,49308062,1042.286,0.9006952,1880.29,6774.67452001349,0.7541103,0.8215361,2186.18903250084,2492.08806500169,2797.98709750253,3103.88613000337,3409.78516250421,3715.68419500506,4021.5832275059,4327.48226000674,4633.38129250759,4939.28032500843,5245.17935750927,5551.07839001012,5856.97742251096,6162.8764550118,6468.77548751265,6774.67452001349,54.4782605535334,416.07,365.49,0,0,0,-0.34888712009305,0.212976685372671,0.841164995751644,-0.980094235434174,0.886763324493062,1.25813017167793,-0.498630357053918,-0.239096135279692,-0.212619414964987,-0.248765722934884,0.337971620111131,0.330129235090255,1
"X43",1501010015,48973912,1224.567,0.8729371,4022.106,6332.06027167713,0.7387253,0.7801852,4166.47814197982,4310.85028395964,4455.22242593946,4599.59456791928,4743.9667098991,4888.33885187892,5032.71099385874,5177.08313583856,5321.45527781838,5465.82741979821,5610.19956177803,5754.57170375785,5898.94384573767,6043.31598771749,6187.68812969731,6332.06027167713,54.6089368138995,690.3,304.29,1,0,0,-0.351305744862647,0.598512720221545,0.711718240111937,-0.387286686078572,0.834220602061715,1.12513380749343,-0.282141195487325,-0.282160727035191,-0.212619414964987,-0.246301255710526,0.29174417960802,0.288671513231809,1
"X45",1501020001,92778154,619.518,0.8531321,5856.772,2494.74133516657,0.4460753,0.3652441,5646.64508344791,5436.51816689582,5226.39125034373,5016.26433379164,4806.13741723955,4596.01050068746,4385.88358413537,4175.75666758328,3965.62975103119,3755.5028344791,3545.37591792701,3335.24900137492,3125.12208482284,2914.99516827075,2704.86825171866,2494.74133516657,54.7307143095498,4485.51,654.39,1,0,0,-0.0342444708400961,-0.681204816709217,0.619359865603437,0.120508500504236,-0.165235213312605,-0.209435879036243,2.71396364668585,-0.0358059300809417,-0.212619414964987,-0.244004613261057,0.527914253377006,0.541642775967105,1
"X47",1501020003,27446251,1012.792,0.8650606,6086.673,3368.49669084352,0.3207473,0.213766,5916.78698067772,5746.90096135544,5577.01494203316,5407.12892271088,5237.2429033886,5067.35688406632,4897.47086474404,4727.58484542176,4557.69882609948,4387.8128067772,4217.92678745492,4048.04076813264,3878.15474881036,3708.26872948808,3538.3827101658,3368.49669084352,55.1666055202484,992.97,2.43,0,0,0,-0.50712598764611,0.150594979041058,0.674987074405489,0.184140039536722,-0.593254343431288,-0.696632930456577,-0.0432002534628906,-0.494570492840989,-0.212619414964987,-0.235783995383388,0.173894826943374,0.179684874300464,1
"X48",1501020004,197546605,1032.116,0.9313594,4525.815,12317.6226050543,0.9428952,0.9334415,5012.80297531589,5499.79095063178,5986.77892594767,6473.76690126356,6960.75487657945,7447.74285189534,7934.73082721124,8421.71880252713,8908.70677784302,9395.69475315891,9882.6827284748,10369.6707037907,10856.6586791066,11343.6466544225,11830.6346297384,12317.6226050543,54.4423730435579,937.35,27.63,0,0,0,0.724084335567037,0.191466481487389,0.984164019614484,-0.247871116357195,1.53149992507348,1.61805006054644,-0.0871091152443656,-0.476838013882842,-0.212619414964987,-0.249442537467613,0.393637435976341,0.361201928132586,1
"X50",1501020010,39660642,1098.958,0.8381959,871.0142,4471.30819891092,0.543718,0.4904941,1096.03257493193,1321.05094986386,1546.0693247958,1771.08769972773,1996.10607465966,2221.12444959159,2446.14282452353,2671.16119945546,2896.17957438739,3121.19794931932,3346.21632425126,3571.23469918319,3796.25307411512,4021.27144904705,4246.28982397899,4471.30819891092,55.1690720267918,1195.29,42.84,0,0,0,-0.418716505024094,0.332841609127508,0.549706588484838,-1.25943957304577,0.168233313404805,0.193404074002491,0.116520007515679,-0.466135196225961,-0.212619414964987,-0.235737478712971,0.330835594503592,0.322871281294626,1
"X51",1501030006,37272821,1047.606,0.8239826,6638.991,6760.5118631478,0.7241879,0.8085497,6646.58605394674,6654.18110789347,6661.77616184021,6669.37121578695,6676.96626973369,6684.56132368042,6692.15637762716,6699.7514315739,6707.34648552064,6714.94153946737,6722.53659341411,6730.13164736085,6737.72670130759,6745.32175525432,6752.91680920106,6760.5118631478,54.755166458502,274.5,314.37,1,1,0,-0.435999889779338,0.224228827424755,0.483424473645067,0.337009511071619,0.78457259601209,1.21636218152909,-0.610391909776022,-0.275067735451932,-0.212619414964987,-0.243543462019897,0.213342131962312,0.218409438073344,1
"X54",1501030010,41372893,1157.758,0.9265327,9704.777,9399.07250314142,0.8239786,0.8419919,9685.67046894634,9666.56393789268,9647.45740683902,9628.35087578536,9609.24434473169,9590.13781367803,9571.03128262437,9551.92475157071,9532.81822051705,9513.71168946339,9494.60515840973,9475.49862735607,9456.3920963024,9437.28556524875,9418.17903419508,9399.07250314142,54.8760504611703,454.14,113.49,0,0,0,-0.406322991092124,0.457207389703178,0.961655250806598,1.1855516293062,1.12537695423958,1.32392189631961,-0.4685762332132,-0.416420924861157,-0.212619414964987,-0.241263670252897,0.210774691572997,0.205908069947618,1
"X58",1501040002,51316582,1252.767,0.9322156,2727.76,9267.35927615506,0.8302496,0.8439643,3136.48495475969,3545.20990951938,3953.93486427907,4362.65981903876,4771.38477379846,5180.10972855815,5588.83468331784,5997.55963807753,6406.28459283722,6815.00954759691,7223.7345023566,7632.45945711629,8041.18441187599,8449.90936663568,8858.63432139537,9267.35927615506,54.9583712593454,736.29,131.04,1,1,0,-0.334349169405539,0.658157533354774,0.988156811346581,-0.745533183573327,1.14679362062677,1.33026570089744,-0.245834677088727,-0.404071519872448,-0.212619414964987,-0.239711154834892,0.362225072268342,0.343503854403732,1
"X59",1501040004,44799511,1311.5,0.8930121,4491.942,8505.06210192683,0.800872,0.7693683,4742.76200637043,4993.58201274085,5244.40201911128,5495.22202548171,5746.04203185213,5996.86203822256,6247.68204459299,6498.50205096341,6749.32205733384,7000.14206370427,7250.96207007469,7501.78207644512,7752.60208281555,8003.42208918597,8254.2420955564,8505.06210192683,54.5988981833825,716.85,115.65,0,0,0,-0.381520647322117,0.782381604622646,0.805335729041911,-0.257246417559223,1.04646348851763,1.09034355210001,-0.261181463730796,-0.414900998093316,-0.212619414964987,-0.246490577595138,0.29817520986814,0.280173357343878,1
"X63",1501050026,14071193,1163.643,0.9058402,6517.813,1843.34370478682,0.4808418,0.6287341,6225.65866904918,5933.50433809835,5641.35000714753,5349.1956761967,5057.04134524588,4764.88701429506,4472.73268334423,4180.57835239341,3888.42402144259,3596.26969049176,3304.11535954094,3011.96102859012,2719.80669763929,2427.65236668847,2135.49803573764,1843.34370478682,55.1713650004069,391.5,334.89,0,0,0,-0.603936541509946,0.469654543082222,0.865158120560845,0.3034701065589,-0.0465009553074408,0.638023595823447,-0.518026990170978,-0.260628431157442,-0.212619414964987,-0.235694234757986,0.178038959853913,0.205636889636227,1
"X64",1501060001,134047529,1147.449,0.9048818,9284.692,11782.3213602487,0.8400373,0.7926696,9440.79383501554,9596.89567003108,9752.99750504662,9909.09934006217,10065.2011750777,10221.3030100933,10377.4048451088,10533.5066801243,10689.6085151399,10845.7103501554,11001.812185171,11157.9140201865,11314.015855202,11470.1176902176,11626.2195252331,11782.3213602487,120.081517708071,1629.99,207.81,1,1,0,0.264469078765771,0.435403191880821,0.860688730703287,1.06928134307664,1.18022049123719,1.16528722154306,0.459691208817499,-0.350050789332095,-0.212619414964987,0.988468007319907,0.247539631119324,0.250493486176494,1
"X66",1501060028,38260615,1224.076,0.9409011,1946.646,8386.00398992582,0.8815669,0.8501118,2349.10587437036,2751.56574874073,3154.02562311109,3556.48549748145,3958.94537185182,4361.40524622218,4763.86512059255,5166.32499496291,5568.78486933327,5971.24474370364,6373.704618074,6776.16449244436,7178.62436681473,7581.08424118509,7983.54411555545,8386.00398992582,221.499833349748,418.77,4.41,1,1,0,-0.428850097663044,0.597474223652452,1.02866065693071,-0.961728354450448,1.32205203140521,1.3500378255386,-0.496498858909186,-0.493177226637134,-0.212619414964987,2.90114988349458,0.227499899707056,0.238407457214952,1
"X67",1501060029,45570610,1225.975,0.9506436,968.6358,5639.75707399172,0.8047461,0.7561992,1260.58087962448,1552.52595924897,1844.47103887345,2136.41611849793,2428.36119812241,2720.30627774689,3012.25135737138,3304.19643699586,3596.14151662034,3888.08659624483,4180.03167586931,4471.97675549379,4763.92183511827,5055.86691474276,5347.81199436724,5639.75707399172,272.998733322709,817.47,26.28,0,0,0,-0.375939324140277,0.601490730749615,1.07409370230556,-1.23242006181783,1.05969428221092,1.0479879463071,-0.181747632870457,-0.477787968112743,-0.212619414964987,3.87238483250744,0.215081156636904,0.240054378067809,1
"X72",1501070048,7051731,1128.371,0.6983012,2216.563,1541.1423087184,0.1652829,0.02580151,2174.3492067949,2132.1354135898,2089.9216203847,2047.7078271796,2005.4940339745,1963.2802407694,1921.0664475643,1878.8526543592,1836.6388611541,1794.425067949,1752.2112747439,1709.9974815388,1667.7836883337,1625.5698951286,1583.3561019235,1541.1423087184,55.172087020874,398.88,0,1,1,0,-0.654744396253167,0.395051995251184,-0.10267650135885,-0.887021266960479,-1.12419505302869,-1.3011806855428,-0.512200895242044,-0.49628041045481,-0.212619414964987,-0.235680617932929,0.13272537182359,0.137871741423769,1
"X75",1501071007,42157368,1266.319,0.8680643,7451.551,1759.75854900434,0.552358,0.4870306,7095.81397181277,6740.07694362554,6384.33991543831,6028.60288725109,5672.86585906386,5317.12883087663,4961.3918026894,4605.65477450217,4249.91774631494,3894.18071812771,3538.44368994048,3182.70666175325,2826.96963356603,2471.2326053788,2115.49557719157,1759.75854900434,56.4530415217082,1349.46,533.52,1,0,0,-0.400644850538092,0.686820884687453,0.688994489175052,0.561908242944193,0.197740568640869,0.182264463804091,0.238228551579865,-0.120858498798051,-0.212619414964987,-0.211522669317354,0.217004269175438,0.220137579763945,1
"X77",1501071013,5238601,1078.15,0.6417222,1994.172,756.76514989324,0.1069537,0.2374851,1916.83407186833,1839.49614373666,1762.15821560498,1684.82028747331,1607.48235934164,1530.14443120997,1452.80650307829,1375.46857494662,1298.13064681495,1220.79271868327,1143.4547905516,1066.11686241993,988.778934288257,911.441006156585,834.103078024913,756.76514989324,55.1725709279378,340.02,110.61,0,0,0,-0.667868086597324,0.288831351266648,-0.366526260072125,-0.948574203211185,-1.32340044563464,-0.620345496283954,-0.558667554797197,-0.418447493884945,-0.212619414964987,-0.235671491768046,0.126143891211256,0.159764688389735,1
"X81",1501080001,25476671,1330.892,0.9167256,3121.166,6079.13350495543,0.6099491,0.5984313,3306.03896905971,3490.91193811943,3675.78490717914,3860.65787623886,4045.53084529857,4230.40381435829,4415.276783418,4600.14975247771,4785.02272153743,4969.89569059714,5154.76865965686,5339.64162871657,5524.51459777628,5709.387566836,5894.26053589571,6079.13350495543,117.598815260262,747.45,5.49,1,1,0,-0.521382085128389,0.823396931441071,0.915920950647936,-0.636647057612092,0.394425208342916,0.54056109259836,-0.237024484757169,-0.492417263253214,-0.212619414964987,0.941645892933436,0.226974512422553,0.239708310065567,1
"X87",1501080017,19980545,1286.67,0.8757714,5356.531,6659.57243169389,0.6470429,0.6503311,5437.97108948087,5519.41117896174,5600.85126844261,5682.29135792347,5763.73144740434,5845.17153688521,5926.61162636608,6008.05171584695,6089.49180532781,6170.93189480868,6252.37198428955,6333.81207377042,6415.25216325129,6496.69225273216,6578.13234221303,6659.57243169389,55.5147954194442,339.03,33.3,0,0,0,-0.561163819320901,0.729864558165267,0.724935677166693,-0.017947203112319,0.521107641708137,0.707485747246821,-0.559449104116932,-0.472848206117259,-0.212619414964987,-0.229217365821013,0.212083887634954,0.211912125582634,1
"X88",1501080018,15668779,1309.731,0.8548535,3144.264,3984.97519577175,0.1721999,0.2980471,3196.80844973573,3249.35289947147,3301.8973492072,3354.44179894294,3406.98624867867,3459.53069841441,3512.07514815014,3564.61959788588,3617.16404762161,3669.70849735735,3722.25294709308,3774.79739682882,3827.34184656455,3879.88629630028,3932.43074603602,3984.97519577175,55.1735674004806,780.21,200.43,1,1,0,-0.59237298900011,0.778640055883898,0.627387419548347,-0.630254039362617,-1.10057217288195,-0.425560719949168,-0.211162307267756,-0.355243872455552,-0.212619414964987,-0.235652698959661,0.165827015631172,0.206506734955974,1
"X89",1501080019,12245573,1253.504,0.7401309,2277.073,2458.88915067826,0.2457546,0.1287951,2288.43650941739,2299.80001883478,2311.16352825217,2322.52703766956,2333.89054708696,2345.25405650435,2356.61756592174,2367.98107533913,2379.34458475652,2390.70809417391,2402.0716035913,2413.43511300869,2424.79862242608,2436.16213184347,2447.52564126087,2458.88915067826,55.1746066502162,477.9,0,0,0,0,-0.617150636233491,0.659716335740561,0.0923915672186911,-0.870273430166138,-0.849368780901378,-0.96992373577122,-0.44981904953956,-0.49628041045481,-0.212619414964987,-0.235633099401912,0.151668812996265,0.15668657230035,1
"X93",1501080023,26507126,1449.613,0.9342275,4361.558,4996.77323248849,0.5941596,0.6227165,4401.25895203053,4440.95990406106,4480.66085609159,4520.36180812212,4560.06276015265,4599.76371218318,4639.46466421371,4679.16561624424,4718.86656827477,4758.5675203053,4798.26847233584,4837.96942436637,4877.6703763969,4917.37132842743,4957.07228045796,4996.77323248849,55.1996678161621,813.96,83.61,0,0,0,-0.51392350668471,1.07449947966767,0.997539079141261,-0.293333840342124,0.340501040918167,0.618669266870107,-0.184518580458609,-0.437446578482959,-0.212619414964987,-0.235160462505931,0.251923497896053,0.260831485069507,1
"X94",1501080024,27550451,1358.199,0.9151285,4252.659,3514.44483038413,0.566071,0.5393486,4206.52061439901,4160.38222879802,4114.24384319702,4068.10545759603,4021.96707199504,3975.82868639405,3929.69030079306,3883.55191519206,3837.41352959107,3791.27514399008,3745.13675838909,3698.99837278809,3652.8599871871,3606.72160158611,3560.58321598512,3514.44483038413,55.1745227004542,723.96,27.09,0,0,0,-0.506371773368115,0.881152992158415,0.908473055675579,-0.323474687789932,0.244573090753386,0.350534169696949,-0.255568518616335,-0.477217995574802,-0.212619414964987,-0.235634682638502,0.23834492644593,0.239572104120379,1
"X97",1501080030,54469109,1178.629,0.9559744,7263.9,3577.4905410021,0.6780764,0.6454661,7033.49940881263,6803.09881762526,6572.69822643789,6342.29763525052,6111.89704406315,5881.49645287579,5651.09586168842,5420.69527050105,5190.29467931368,4959.89408812631,4729.49349693894,4499.09290575157,4268.6923145642,4038.29172337683,3807.89113218947,3577.4905410021,55.2337750562981,1204.92,123.39,1,1,0,-0.311530734902997,0.501350896614654,1.09895328437221,0.50997057442172,0.627092989551701,0.691838510747552,0.124122350898556,-0.409454593841885,-0.212619414964987,-0.234517222676501,0.268997130680726,0.265336521532803,1
"X99",1501080032,33060010,1256.015,0.8929903,5996.001,2894.76745252534,0.455669,0.5060841,5802.17390328283,5608.34680656567,5414.5197098485,5220.69261313134,5026.86551641417,4833.038419697,4639.21132297984,4445.38422626267,4251.55712954551,4057.73003282834,3863.90293611117,3670.07583939401,3476.24874267684,3282.42164595968,3088.59454924251,2894.76745252534,55.1774700886494,746.37,229.77,1,1,0,-0.466492809229382,0.665027262186573,0.805234067210844,0.159044024699233,-0.132470889868366,0.243545989115257,-0.237877084015062,-0.33459820052571,-0.212619414964987,-0.235579096860457,0.190027514662256,0.209119191391127,1
"X107",1501090012,19329886,1413.492,0.7647607,5737.355,5559.58011097161,0.7451108,0.5249115,5726.24406943573,5715.13313887145,5704.02220830718,5692.9112777429,5681.80034717863,5670.68941661435,5659.57848605008,5648.46755548581,5637.35662492153,5626.24569435726,5615.13476379298,5604.02383322871,5592.91290266443,5581.80197210016,5570.69104153589,5559.58011097161,55.1791567595109,484.11,12.87,0,0,0,-0.56587338081712,0.998101242249751,0.207249850100259,0.0874565020499347,0.856028307884618,0.30410031192437,-0.444916603806677,-0.487224180129756,-0.212619414964987,-0.235547287371537,0.201929680001076,0.172021918614893,1
"X112",1501090021,8080173,1725.879,0.5789591,7335.75,2526.54751682568,0.2981166,0.3581857,7035.17484480161,6734.59968960321,6434.02453440482,6133.44937920642,5832.87422400803,5532.29906880963,5231.72391361124,4931.14875841284,4630.57360321445,4329.99844801605,4029.42329281766,3728.84813761926,3428.27298242087,3127.69782722247,2827.12267202408,2526.54751682568,55.1811308288574,510.75,55.8,1,1,0,-0.647300388187046,1.65881983232955,-0.659214868762579,0.529857073738748,-0.670542519481149,-0.232137719551442,-0.42388582211199,-0.457015635618914,-0.212619414964987,-0.235510057738629,0.0840053956598075,0.103897639287684,1
"X114",1501090023,11792125,2105.638,0.6001068,7569.27,3414.59996509421,0.5544789,0.4040897,7309.60312281839,7049.93624563678,6790.26936845517,6530.60249127355,6270.93561409194,6011.26873691033,5751.60185972872,5491.93498254711,5232.26810536549,4972.60122818388,4712.93435100227,4453.26747382066,4193.60059663905,3933.93371945743,3674.26684227582,3414.59996509421,55.1806690979004,522.9,0,0,0,0,-0.620432756731843,2.46203453412608,-0.560594964869955,0.594490272354091,0.204983848459176,-0.0844972787986268,-0.414294080460697,-0.49628041045481,-0.212619414964987,-0.23551876567691,0.100846864465919,0.100294197790923,1
"X119",1501090029,25416228,1517.757,0.7369763,7657.966,6943.05268559573,0.6646953,0.5593725,7613.28391784973,7568.60183569947,7523.9197535492,7479.23767139893,7434.55558924866,7389.8735070984,7345.19142494813,7300.50934279786,7255.8272606476,7211.14517849733,7166.46309634706,7121.78101419679,7077.09893204653,7032.41684989626,6987.73476774599,6943.05268559573,55.1797443521434,832.23,23.22,1,1,0,-0.521819580076612,1.21862842102054,0.0776804473891271,0.619039373863112,0.581393969524005,0.414936779961639,-0.17009544301259,-0.479941197700518,-0.212619414964987,-0.235536205765895,0.172265644259833,0.165805542615901,1
"X120",1501090030,10588143,1508.45,0.2767151,6192.429,1658.4312207333,0.1581229,0.08875287,5909.05413879583,5625.67927759166,5342.30441638749,5058.92955518332,4775.55469397916,4492.17983277499,4208.80497157082,3925.43011036665,3642.05524916248,3358.68038795831,3075.30552675414,2791.93066554997,2508.5558043458,2225.18094314164,1941.80608193747,1658.4312207333,55.1808907826742,862.92,28.53,0,0,0,-0.629147348045173,1.19894351762228,-2.06869553248119,0.213410973729786,-1.14864782472895,-1.09871104158173,-0.145867414100806,-0.476204711062908,-0.212619414964987,-0.235514584849746,0.065793714664909,0.0780129098752074,1
"X123",1501090033,5419063,1435.38,0.289819,9132.445,878.044714430483,0.3283508,0.00431822,8616.54498215191,8100.64496430381,7584.74494645572,7068.84492860762,6552.94491075953,6037.04489291143,5521.14487506334,5005.24485721524,4489.34483936715,3973.44482151905,3457.54480367096,2941.64478582286,2425.74476797477,1909.84475012667,1393.94473227858,878.044714430483,55.1816384887695,362.52,0,1,0,0,-0.666561877220783,1.04439576954976,-2.00758697889765,1.02714272287456,-0.567286934266079,-1.3702771129657,-0.540905070257766,-0.49628041045481,-0.212619414964987,-0.235500483610849,0.0515616839558313,0.048129291775347,1
"X127",1502010001,140601189,1423.551,0.9401025,17771.25,5881.87773401309,0.9900779,1,17028.1642333758,16285.0784667516,15541.9927001275,14798.9069335033,14055.8211668791,13312.7354002549,12569.6496336307,11826.5638670065,11083.4781003824,10340.3923337582,9597.306567134,8854.22080050981,8111.13503388563,7368.04926726145,6624.96350063727,5881.87773401309,48.0284383831602,0,147.69,0,0,0,0.31190539301841,1.01937667399823,1.02493647627519,3.41817389521192,1.69263788475249,1.83212130217781,-0.827094221157088,-0.392355417703673,-0.212619414964987,-0.370405072708829,0.112991322472314,0.109473154341757,1
"X133",1502010016,26480307,1270.865,0.747289,1255.667,1392.930122057,0.06611823,0.3462964,1264.24594512856,1272.82489025713,1281.40383538569,1289.98278051425,1298.56172564281,1307.14067077138,1315.71961589994,1324.2985610285,1332.87750615706,1341.45645128563,1350.03539641419,1358.61434154275,1367.19328667131,1375.77223179988,1384.35117692844,1392.930122057,34.2139991521835,995.31,735.39,1,1,0,-0.514117626384533,0.696435966974816,0.125772555886668,-1.15297614027621,-1.46286139887245,-0.270377121177497,-0.0413529550707897,0.0211913237131005,-0.212619414964987,-0.63093619452276,0.184618934819414,0.25166542627679,1
"X134",1502010017,77609282,1296.294,0.5108081,2435.553,1455.18386675593,0.2413605,0.3543812,2374.27992917225,2313.00685834449,2251.73378751674,2190.46071668898,2129.18764586123,2067.91457503347,2006.64150420572,1945.36843337796,1884.09536255021,1822.82229172246,1761.5492208947,1700.27615006695,1639.00307923919,1577.73000841144,1516.45693758368,1455.18386675593,34.0224408653345,2894.31,1892.7,1,1,4.168588559425,-0.144038903119166,0.750219936945203,-0.977029338902886,-0.826409652688579,-0.864375474215358,-0.244374083633964,1.45780074005724,0.835555419865978,-0.193108941854722,-0.634548856211815,0.284206691667624,0.338555290519941,1
"X135",1502010018,52274432,1596.181,0.6346465,5452.093,2017.78086377001,0.6149489,0.8047798,5237.44849148563,5022.80398297125,4808.15947445688,4593.5149659425,4378.87045742813,4164.22594891376,3949.58144039938,3734.93693188501,3520.29242337063,3305.64791485626,3091.00340634188,2876.35889782751,2661.71438931314,2447.06988079876,2232.42537228439,2017.78086377001,34.2169363276164,824.04,1186.38,1,1,0.2665996032,-0.327416116179267,1.38450022333119,-0.399522985672216,0.0085022561463288,0.411500483195841,1.20423710097851,-0.176560987384943,0.338539366781929,-0.211371634255691,-0.630880801350609,0.197008138002853,0.225154786597846,1
"X136",1502010019,99149290,1353.17,0.8248248,2324.917,4129.00837206093,0.9289332,0.9078919,2437.67271075381,2550.42842150762,2663.18413226143,2775.93984301523,2888.69555376904,3001.45126452285,3114.20697527666,3226.96268603047,3339.71839678428,3452.47410753808,3565.22981829189,3677.9855290457,3790.74123979951,3903.49695055332,4016.25266130713,4129.00837206093,34.2132580066549,611.01,91.35,0,0,0,0.011870708989541,0.870516333816323,0.487351977962717,-0.857031263522799,1.48381702025798,1.53587521292841,-0.344736191004282,-0.432000174231529,-0.212619414964987,-0.630950172033737,0.375746876970841,0.336991223586591,1
"X137",1502010020,69882033,1296.82,0.8723133,2498.025,2947.96497914441,0.7655021,0.8007495,2526.14624869653,2554.26749739305,2582.38874608958,2610.5099947861,2638.63124348263,2666.75249217916,2694.87374087568,2722.99498957221,2751.11623826873,2779.23748696526,2807.35873566178,2835.47998435831,2863.60123305484,2891.72248175136,2919.84373044789,2947.96497914441,32.8578899848892,880.92,765.27,1,1,0,-0.199969819869865,0.751332460764638,0.708809219459657,-0.809118777457773,0.92566850391415,1.19127449928005,-0.13165742646926,0.0422169773349028,-0.212619414964987,-0.656511510085704,0.362395271850395,0.348075754559922,1
"X138",1502010021,208019927,1296.595,0.9268164,4629.899,4590.16476666525,0.965989,0.8716356,4627.41561041658,4624.93222083316,4622.44883124973,4619.96544166631,4617.48205208289,4614.99866249947,4612.51527291605,4610.03188333262,4607.5484937492,4605.06510416578,4602.58171458236,4600.09832499893,4597.61493541551,4595.13154583209,4592.64815624867,4590.16476666525,34.1928890132904,684.45,23.04,0,0,0,0.799891715513673,0.75085657129815,0.962978253626495,-0.219062954980528,1.61036967634323,1.4192645447499,-0.286759441467577,-0.480067858264504,-0.212619414964987,-0.631334317680386,0.369786003236028,0.318359978441605,1
"X141",1502020002,75101763,1331.825,0.7181309,6215.534,6080.06845450453,0.5384754,0.5331544,6207.06740340653,6198.60080681307,6190.1342102196,6181.66761362613,6173.20101703266,6164.7344204392,6156.26782384573,6147.80122725226,6139.3346306588,6130.86803406533,6122.40143747186,6113.9348408784,6105.46824428493,6097.00164769146,6088.53505109799,6080.06845450453,34.2189717997675,2548.71,830.25,0,0,24.165869789325,-0.16218867885951,0.825370286428777,-0.0102029411977189,0.219805929425261,0.150328830036682,0.330611844450542,1.18496897753157,0.0879414409341234,-0.0995145724050828,-0.630842413701708,0.31374623093904,0.327384698653398,1
"X142",1502020003,76716687,1183.739,0.6518343,3054.822,2715.08211645523,0.222462,0.249437,3033.58825727845,3012.3545145569,2991.12077183535,2969.88702911381,2948.65328639226,2927.41954367071,2906.18580094916,2884.95205822761,2863.71831550606,2842.48457278452,2821.25083006297,2800.01708734142,2778.78334461987,2757.54960189832,2736.31585917677,2715.08211645523,34.2196897073226,1981.35,485.91,0,0,17.2718031194625,-0.150499631463379,0.512158875164683,-0.319369626955872,-0.655009617259815,-0.928917472256881,-0.581904755088555,0.737070167385263,-0.15436021797255,-0.131781249834452,-0.630828874443434,0.234204671472875,0.265475866706833,1
"X144",1502050001,54158903,790.6982,0.9501604,4486.369,9956.53043440767,0.8674322,0.8816745,4828.25408965048,5170.13917930096,5512.02426895144,5853.90935860192,6195.7944482524,6537.67953790288,6879.56462755336,7221.44971720384,7563.33480685431,7905.21989650479,8247.10498615527,8588.99007580575,8930.87516545623,9272.76025510671,9614.64534475719,9956.53043440767,36.5074099222819,437.49,90.09,1,0,0.02437150635,-0.313776049627755,-0.319147687591881,1.0718403538298,-0.258788901354544,1.27377932300414,1.45155252881825,-0.481720471772379,-0.432886798179436,-0.212505347670381,-0.58768399508682,0.364900929147372,0.333487668262241,1
"X145",1502050002,37223032,547.2197,0.8958872,913.3034,4420.68118296795,0.6812302,0.8196523,1132.5145114355,1351.72562287099,1570.93673430649,1790.14784574199,2009.35895717749,2228.57006861298,2447.78118004848,2666.99229148398,2886.20340291947,3105.41451435497,3324.62562579047,3543.83673722596,3763.04784866146,3982.25896009696,4201.47007153246,4420.68118296795,36.3501590817474,533.16,631.35,1,1,0,-0.4363602695748,-0.834120369664898,0.818743432275912,-1.24773485283815,0.63786382075118,1.25207133013275,-0.406194387510716,-0.0520184822712471,-0.212619414964987,-0.59064964119128,0.401735915405697,0.399602040510137,1
"X146",1502050004,92912461,451.3463,0.8288473,5403.009,1801.69595731441,0.7161564,0.7693395,5177.92693483215,4952.8448696643,4727.76280449645,4502.6807393286,4277.59867416075,4052.5166089929,3827.43454382505,3602.35247865721,3377.27041348936,3152.18834832151,2927.10628315366,2702.02421798581,2476.94215281796,2251.86008765011,2026.77802248226,1801.69595731441,34.7630642081207,1083.15,1304.28,0,0,0,-0.0332723378551183,-1.03689877489353,0.506110451149308,-0.00508311521730387,0.75714348485139,1.09025092303297,0.0279917845711516,0.421502036193257,-0.212619414964987,-0.62058119331132,0.349137216878958,0.338641738818912,1
"X149",1502050008,76939535,735.1192,0.9539899,4966.805,8921.35803188178,0.7104546,0.9275113,5213.96456449261,5461.12412898522,5708.28369347783,5955.44325797045,6202.60282246306,6449.76238695567,6696.92195144828,6944.08151594089,7191.2410804335,7438.40064492611,7685.56020941872,7932.71977391134,8179.87933840395,8427.03890289656,8674.19846738917,8921.35803188178,34.2279551473896,0,1150.02,0,0,2.4899557014375,-0.148886626248191,-0.436700846071731,1.08969879337437,-0.125814786032682,0.737670745510535,1.59897683508129,-0.827094221157088,0.312953932856604,-0.20096553906284,-0.630672993749549,0.287664423937816,0.302315654478319,1
"X152",1502061002,100948516,584.8063,0.9416648,2524.338,10804.3267467076,0.1019038,0.6740381,3041.83729666922,3559.33659333845,4076.83589000767,4594.3351866769,5111.83448334612,5629.33378001534,6146.83307668457,6664.33237335379,7181.83167002301,7699.33096669224,8216.83026336146,8734.32956003069,9251.82885669991,9769.32815336913,10286.8274500384,10804.3267467076,34.2302355133327,87.93,4677.03,1,1,0,0.0248937602231292,-0.754622294015485,1.03222208538878,-0.801835917937537,-1.34064682158564,0.783734264346137,-0.757678431576989,2.79480435389518,-0.212619414964987,-0.630629987566861,0.198850917129868,0.302233338669754,1
"X156",1503020001,45504011,284.3087,0.7600174,2693.817,2326.9226714051,0.000850441,0,2670.88610446282,2647.95520892564,2625.02431338846,2602.09341785127,2579.16252231409,2556.23162677691,2533.30073123973,2510.36983570255,2487.43894016537,2464.50804462819,2441.57714909101,2418.64625355382,2395.71535801664,2372.78446247946,2349.85356694228,2326.9226714051,25.9336908693667,979.38,279.27,0,0,0.136512033,-0.376421377083657,-1.39019403866031,0.185130007747006,-0.754927859235372,-1.68576340219612,-1.38416574803165,-0.0539287941247073,-0.299766545429351,-0.211980490227967,-0.78709729305292,0.190572736915441,0.213490459881602,1
"X158",1503020005,126456895,399.0721,0.9139731,7545.835,6425.81453593999,0.002811568,0.8371782,7475.83372099625,7405.8324419925,7335.83116298875,7265.829883985,7195.82860498125,7125.8273259775,7055.82604697375,6985.82476797,6915.82348896625,6845.8222099625,6775.82093095875,6705.819651955,6635.81837295125,6565.81709394749,6495.81581494374,6425.81453593999,25.3709266069773,219.24,3724.56,0,0,0,0.209527000629163,-1.14746206888959,0.903084978629019,0.588003979918537,-1.67906577778185,1.30843965534601,-0.654016571804866,2.12457997955924,-0.212619414964987,-0.797710652172726,0.138740805517457,0.268654222590772,1
"X159",1509010001,429759668,609.5,0.8240243,7485.006,8644.98062350445,0.1483459,0.3228389,7557.50441396903,7630.00282793806,7702.50124190709,7774.99965587611,7847.49806984514,7919.99648381417,7992.4948977832,8064.99331175223,8137.49172572126,8209.99013969028,8282.48855365931,8354.98696762834,8427.48538159737,8499.9837955664,8572.48220953543,8644.98062350445,43.7829798629761,0,6422.58,1,0,587.5244421228,2.4048751959467,-0.702393530821583,0.483618936872384,0.571167850942121,-1.18203815278948,-0.345823174657786,-0.827094221157088,4.02309517315679,2.53720337667106,-0.450471592412205,0.160550998486435,0.19105145446119,1
"X164",1605030001,276958060,879.1256,0.8992811,9269.568,9322.30686305789,0.9624262,0.9184206,9272.86417894112,9276.16035788224,9279.45653682335,9282.75271576447,9286.04889470559,9289.34507364671,9292.64125258782,9295.93743152894,9299.23361047006,9302.52978941118,9305.8259683523,9309.12214729341,9312.41832623453,9315.71450517565,9319.01068411677,9322.30686305789,35.1217530141977,1017.63,28.98,1,0,3.782208506875,1.2988756330465,-0.132118051107578,0.834570500553842,1.06509535260105,1.59820203178825,1.56973853439395,-0.0237325704076735,-0.475888059652941,-0.194917337554647,-0.613816561358702,0.323588378848538,0.288606917386455,1
"X165",1605030002,31685764,243.2799,0.6874396,3316.765,3222.93229960081,0.6678407,0.4898313,3310.90045622505,3305.0359124501,3299.17136867515,3293.3068249002,3287.44228112525,3281.57773735031,3275.71319357536,3269.84864980041,3263.98410602546,3258.11956225051,3252.25501847556,3246.39047470061,3240.52593092566,3234.66138715071,3228.79684337576,3222.93229960081,34.2724005780901,1054.44,0,1,0,0.2019967455,-0.476439795358725,-1.47697258862771,-0.153328342841381,-0.582509557543735,0.592136113114226,0.191272318945613,0.00532685429883676,-0.49628041045481,-0.211673998545195,-0.629834782532553,0.340383487121301,0.289806500285456,1
"X166",1605030003,143778878,691.6385,0.7916742,8817.839,7161.54846626327,0.8435554,0.7005301,8714.32084164145,8610.80268328291,8507.28452492436,8403.76636656582,8300.24820820727,8196.73004984872,8093.21189149018,7989.69373313163,7886.17557477309,7782.65741641454,7679.139258056,7575.62109969745,7472.1029413389,7368.58478298036,7265.06662462181,7161.54846626327,34.3566144977501,2014.56,0,1,0,0,0.334905953621363,-0.528665322185278,0.332757909294125,0.940066703331997,1.19223547672863,0.868940140880286,0.763287594565464,-0.49628041045481,-0.212619414964987,-0.628246564104391,0.361005647056134,0.318719859527908,1
"X167",1605030004,10968868,173.8956,0.5272354,1203.689,1111.85943294835,0.0195242,0.0007383101,1197.94965205927,1192.21030411854,1186.47095617782,1180.73160823709,1174.99226029636,1169.25291235563,1163.5135644149,1157.77421647417,1152.03486853345,1146.29552059272,1140.55617265199,1134.81682471126,1129.07747677053,1123.33812882981,1117.59878088908,1111.85943294835,34.2717654091971,1039.86,0,1,0,0,-0.62639160686485,-1.62372484422629,-0.900422485807027,-1.16736250717253,-1.62198893772509,-1.38179113081798,-0.00618323568271508,-0.49628041045481,-0.212619414964987,-0.629846761394776,0.179545441824082,0.19852488421722,1
"X168",1605030005,14717689,167.4706,0.5273617,1341.912,1419.44662454779,0.00868236,0,1346.75791403424,1351.60382806847,1356.44974210271,1361.29565613695,1366.14157017119,1370.98748420542,1375.83339823966,1380.6793122739,1385.52522630813,1390.37114034237,1395.21705437661,1400.06296841085,1404.90888244508,1409.75479647932,1414.60071051356,1419.44662454779,34.2721105475175,1135.26,0,1,0,0,-0.599257112394143,-1.6373141323249,-0.899833500060982,-1.12910542164577,-1.6590158983858,-1.38416574803165,0.0691296987644752,-0.49628041045481,-0.212619414964987,-0.629840252315958,0.181465585465788,0.202968996554555,1
"X171",1605030009,53100172,238.8101,0.6177966,4095.481,3259.72546518545,0.4522203,0.2752034,4043.24627907409,3991.01155814818,3938.77683722227,3886.54211629636,3834.30739537045,3782.07267444455,3729.83795351864,3677.60323259273,3625.36851166682,3573.13379074091,3520.899069815,3468.66434888909,3416.42962796318,3364.19490703727,3311.96018611136,3259.72546518545,45.8372524324011,1292.76,1.53,0,0,0,-0.321439293742495,-1.48642650301575,-0.478100586007019,-0.366978100311183,-0.14424886106427,-0.499032616438038,0.193467090540497,-0.495203795660922,-0.212619414964987,-0.411729380146088,0.2535493706661,0.230999886321852,1
"X174",1605030015,200731108,635.6799,0.7578561,8093.45,7249.93372503225,0.7478925,0.7291043,8040.73023281452,7988.01046562903,7935.29069844355,7882.57093125806,7829.85116407258,7777.13139688709,7724.41162970161,7671.69186251612,7618.97209533064,7566.25232814515,7513.53256095967,7460.81279377418,7408.0930265887,7355.37325940322,7302.65349221773,7249.93372503225,34.274987928971,2619.81,265.05,1,0,0,0.747134216861836,-0.647021359071702,0.175051029972443,0.73957176451832,0.865528346297831,0.960842970310381,1.24109842867618,-0.309772729984305,-0.212619414964987,-0.629785986818427,0.403086225210693,0.391029260289258,1
"X176",1613010001,32486964,256.6965,0.6943037,4334.316,3602.9193157783,0.4420537,0.3859212,4288.60370723614,4242.89141447229,4197.17912170843,4151.46682894458,4105.75453618072,4060.04224341686,4014.32995065301,3968.61765788915,3922.9053651253,3877.19307236144,3831.48077959758,3785.76848683373,3740.05619406987,3694.34390130602,3648.63160854216,3602.9193157783,34.2766393612593,1212.12,47.34,0,0,0,-0.470640596898748,-1.44859561700064,-0.121318389876787,-0.30087382662458,-0.178969747763688,-0.142932390070357,0.129806345951174,-0.462968682126292,-0.212619414964987,-0.629754841905524,0.271490063621415,0.263590131399457,1
"X177",1613010003,207072437,628.0959,0.8615306,13140.26,9554.84151367703,0.8640036,0.8602616,12916.1713446048,12692.0826892096,12467.9940338144,12243.9053784193,12019.8167230241,11795.7280676289,11571.6394122337,11347.5507568385,11123.4621014433,10899.3734460481,10675.284790653,10451.1961352578,10227.1074798626,10003.0188244674,9778.93016907221,9554.84151367703,34.2911878078799,2215.26,340.02,0,0,0,0.793033649426749,-0.663062006688809,0.658525319191402,2.13641774389439,1.26206999715896,1.38268249584082,0.921728956657195,-0.257018605083819,-0.212619414964987,-0.629480467893279,0.323704601309563,0.312012957720431,1
"X180",1613070001,205063184,736.2435,0.8288361,8476.789,12129.5490033464,0.9275607,0.5975747,8705.08650020915,8933.3840004183,9161.68150062745,9389.9790008366,9618.27650104575,9846.5740012549,10074.871501464,10303.1690016732,10531.4665018823,10759.7640020915,10988.0615023006,11216.3590025098,11444.6565027189,11672.9540029281,11901.2515031372,12129.5490033464,34.2691382105949,1285.11,204.39,1,0,0,0.778490393181985,-0.434322879284295,0.506058221217751,0.84567156635117,1.47912966981683,0.537806021111151,0.18742784579709,-0.352457340047843,-0.212619414964987,-0.629896308610383,0.32677193086881,0.248443227326112,1
"X181",1613070002,419363986,1050.876,0.9021608,11789.48,11379.009995367,0.9128103,0.7693813,11763.8256247104,11738.1712494209,11712.5168741313,11686.8624988418,11661.2081235522,11635.5537482626,11609.8993729731,11584.2449976835,11558.590622394,11532.9362471044,11507.2818718148,11481.6274965253,11455.9731212357,11430.3187459462,11404.6643706566,11379.009995367,34.1022061302548,2605.77,1073.79,1,0,0,2.32962978525672,0.231145087671055,0.847999655366875,1.76255155673426,1.42875422796104,1.09038536383167,1.23001463832357,0.25931318400821,-0.212619414964987,-0.633044536448702,0.374910531536533,0.337419867455901,1
"X182",1613070003,20778567,232.1332,0.614282,1386.342,985.962859090103,0.359735,0.02784514,1361.31830369313,1336.29460738626,1311.27091107939,1286.24721477253,1261.22351846566,1236.19982215879,1211.17612585192,1186.15242954505,1161.12873323818,1136.10503693131,1111.08134062445,1086.05764431758,1061.03394801071,1036.01025170384,1010.98655539697,985.962859090103,34.0794409484863,1297.8,34.29,1,0,0,-0.555387623672589,-1.50054857581041,-0.494490525065215,-1.11680817509524,-0.460103878736023,-1.29460778483838,0.197445887077329,-0.472151573015332,-0.212619414964987,-0.6334738726125,0.278571839287108,0.231727924603186,1
"X183",1613070004,197812174,562.4186,0.8267703,9348.595,10197.5077628306,0.7891392,0.661338,9401.65204767691,9454.70909535382,9507.76614303074,9560.82319070765,9613.88023838456,9666.93728606147,9719.99433373839,9773.0513814153,9826.10842909221,9879.16547676913,9932.22252444604,9985.27957212295,10038.3366197999,10091.3936674768,10144.4507151537,10197.5077628306,34.2520284552323,3990.42,96.12,0,0,0,0.726006561398062,-0.801973718943953,0.49642459687745,1.08696828762578,1.00639372876836,0.742887097179771,2.32311793688019,-0.42864366928588,-0.212619414964987,-0.630218987199361,0.536633441639915,0.506116447582164,1
"X184",1613070005,125694044,500.3916,0.7759916,9297.67,9984.88371443069,0.7003817,0.5580554,9340.62085715192,9383.57171430384,9426.52257145575,9469.47342860767,9512.42428575959,9555.37514291151,9598.32600006343,9641.27685721534,9684.22771436726,9727.17857151918,9770.1294286711,9813.08028582301,9856.03114297493,9898.98200012685,9941.93285727877,9984.88371443069,34.2827406514486,2809.35,605.52,0,0,2.18550519005,0.204005377633167,-0.933164812001217,0.259623880308161,1.07287336796372,0.703269862261999,0.410700608287808,1.39072959843635,-0.0701942732033472,-0.202390475448659,-0.629639775636749,0.383913756760296,0.354859015710084,1
"X185",1613070006,450175631,791.0844,0.8463845,11629.78,10020.5032665395,0.7294115,0.7599259,11529.2002041587,11428.6204083174,11328.0406124762,11227.4608166349,11126.8810207936,11026.3012249523,10925.721429111,10825.1416332698,10724.5618374285,10623.9820415872,10523.4022457459,10422.8224499046,10322.2426540633,10221.6628582221,10121.0830623808,10020.5032665395,34.409926553774,797.94,1818.81,0,0,267.255204136231,2.55264881200829,-0.318330849760957,0.587893197194775,1.71835011009642,0.802412190740227,1.05997408325712,-0.197165469450684,0.783561258349412,1.03822973926228,-0.627241134240039,0.234533589049264,0.227766577644492,1
"X195",1702030041,56756844,836.7698,0.7370507,6835.786,3116.16128374948,0.5602239,0.1064322,6603.30945523434,6370.83291046869,6138.35636570303,5905.87982093737,5673.40327617171,5440.92673140606,5208.4501866404,4975.97364187474,4743.49709710908,4511.02055234343,4278.54400757777,4046.06746281211,3813.59091804646,3581.1143732808,3348.63782851514,3116.16128374948,134.741522216797,1315.26,8.1,1,0,0,-0.294971786714236,-0.221703291395111,0.0780274033630441,0.391478037628259,0.224604124076211,-1.04184924144635,0.211229575079928,-0.490580685075406,-0.212619414964987,1.26494592702376,0.15823436103756,0.131557753215649,1
"X198",1702031012,6057700,703.2673,0.7826281,2688.53,2107.1141137036,0.08864143,0,2652.19150710648,2615.85301421295,2579.51452131943,2543.1760284259,2506.83753553238,2470.49904263885,2434.16054974533,2397.8220568518,2361.48356395828,2325.14507106475,2288.80657817123,2252.4680852777,2216.12959238418,2179.79109949065,2143.45260659713,2107.1141137036,134.734829275949,549.27,4.41,0,0,0,-0.661939332654028,-0.504069662505714,0.290572446449321,-0.756391184522625,-1.38594035591725,-1.38416574803165,-0.393476448580483,-0.493177226637134,-0.212619414964987,1.26481970261767,0.11266941861564,0.133529622814167,1
"X200",1702031014,13356108,913.2876,0.7768645,1951.843,1920.80676149957,0.496463,0,1949.90323509372,1947.96347018745,1946.02370528117,1944.08394037489,1942.14417546862,1940.20441056234,1938.26464565606,1936.32488074979,1934.38511584351,1932.44535093723,1930.50558603096,1928.56582112468,1926.6260562184,1924.68629131213,1922.74652640585,1920.80676149957,134.731763458252,492.48,0,1,0,0.16010634465,-0.609112427469448,-0.0598632246445497,0.26369455059892,-0.960289939183216,0.00684843537468912,-1.38416574803165,-0.438308959558008,-0.49628041045481,-0.211870060480238,1.26476188333811,0.166604789845364,0.131428814194983,1
"X205",1702041016,21954723,1102.839,0.6418063,7096.536,6822.03511449983,0.8482564,0.6514773,7079.37969465624,7062.22338931248,7045.06708396872,7027.91077862496,7010.7544732812,6993.59816793744,6976.44186259368,6959.28555724992,6942.12925190616,6924.9729465624,6907.81664121863,6890.66033587487,6873.50403053111,6856.34772518735,6839.19141984359,6822.03511449983,132.242438049316,331.74,0,0,0,0,-0.546874440866931,0.341050173658361,-0.36613406924677,0.463647901190055,1.20829029233797,0.711172255463771,-0.565204149107708,-0.49628041045481,-0.212619414964987,1.21781486431647,0.146141245994144,0.131307457946814,1
"X206",1702041017,41302018,1059.933,0.6620264,7421.951,6893.56967850536,0.8615341,0.6728101,7388.92716740658,7355.90333481317,7322.87950221975,7289.85566962634,7256.83183703292,7223.80800443951,7190.78417184609,7157.76033925268,7124.73650665926,7091.71267406585,7058.68884147243,7025.66500887902,6992.6411762856,6959.61734369219,6926.59351109877,6893.56967850536,131.717130077129,569.7,0,1,0,0,-0.406835994325837,0.25030122499544,-0.271839922899922,0.553715614137177,1.25363618155648,0.779784663848479,-0.377348112618679,-0.49628041045481,-0.212619414964987,1.20790790587946,0.161836669066831,0.146247409884036,1
"X207",1702041019,23367465,914.2989,0.6123526,4005.116,3454.96490751886,0.646567,0.1118517,3970.73155671993,3936.34711343986,3901.96267015979,3867.57822687972,3833.19378359965,3798.80934031957,3764.4248970395,3730.04045375943,3695.65601047936,3661.27156719929,3626.88712391922,3592.50268063915,3558.11823735908,3523.73379407901,3489.34935079893,3454.96490751886,134.742339501014,810.9,6.66,1,0,0,-0.5366488152669,-0.0577242601225059,-0.503488063453334,-0.391989144302599,0.519482352036049,-1.02441857377774,-0.186934278355972,-0.4915939695873,-0.212619414964987,1.26496134045968,0.159976073442944,0.119789772950775,1
"X210",1702042004,28880324,1100.223,0.7450681,7528.748,5430.5593303499,0.7445695,0.5737526,7397.61120814687,7266.47441629374,7135.33762444061,7004.20083258747,6873.06404073434,6741.92724888121,6610.79045702808,6479.65366517495,6348.51687332182,6217.38008146869,6086.24328961556,5955.10649776242,5823.96970590929,5692.83291405616,5561.69612220303,5430.5593303499,134.741616439819,419.22,7.56,0,0,1.073806546725,-0.496745965263316,0.335517165461321,0.115415640262032,0.583274674228488,0.854179664683313,0.461187309372356,-0.496143609218398,-0.490960666767366,-0.207593619433275,1.2649477040072,0.140759370987489,0.133627153095848,1
"X211",1702042005,13750384,870.679,0.6155356,4888.857,2567.53431183015,0.2232184,0.001112493,4743.77433198938,4598.69166397877,4453.60899596815,4308.52632795754,4163.44365994692,4018.36099193631,3873.27832392569,3728.19565591508,3583.11298790446,3438.03031989384,3292.94765188323,3147.86498387261,3002.782315862,2857.69964785138,2712.61697984077,2567.53431183015,134.737712860107,699.21,1.89,0,0,0.6938787526,-0.606258602242281,-0.149983153185987,-0.488644503440178,-0.147389077595156,-0.926334221347094,-1.3805876512023,-0.27510725160971,-0.494950474532949,-0.209371816275071,1.26487408509408,0.0916131321684329,0.0980218848158441,1
"X223",1702051004,23951286,1188.705,0.8778399,8278.584,4785.88526826509,0.730632,0.4946111,8060.29032926657,7841.99665853314,7623.7029877997,7405.40931706627,7187.11564633284,6968.82197559941,6750.52830486598,6532.23463413254,6313.94096339911,6095.64729266568,5877.35362193225,5659.05995119881,5440.76628046538,5222.47260973195,5004.17893899852,4785.88526826509,47.9476808618616,640.35,3.51,1,0,0,-0.532423036629728,0.522662284456158,0.734581892651209,0.790812782814196,0.806580432061479,0.206645527788204,-0.321573911164864,-0.493810529457068,-0.212619414964987,-0.371928105766274,0.20513228958401,0.17341836521127,1
"X231",1702052012,17617711,1081.968,0.6510441,4859.113,2960.48013988017,0.5857456,0.4178282,4740.44844624251,4621.78389248502,4503.11933872753,4384.45478497004,4265.79023121255,4147.12567745507,4028.46112369758,3909.79656994009,3791.1320161826,3672.46746242511,3553.80290866762,3435.13835491013,3316.47380115264,3197.80924739515,3079.14469363766,2960.48013988017,48.4524424598331,550.26,4.86,1,0,0,-0.578266344650384,0.296906666746884,-0.323054635162719,-0.155621562434205,0.311765618978787,-0.0403103191593242,-0.392694899260748,-0.492860575227167,-0.212619414964987,-0.362408638260621,0.185724213842028,0.167702785041898,1
"X232",1702060021,24065858,1249.097,0.8408691,6684.507,2345.09315647482,0.792999,0.6533902,6413.29363477968,6142.08026955935,5870.86690433903,5599.65353911871,5328.44017389838,5057.22680867806,4786.01344345773,4514.80007823741,4243.58671301709,3972.37334779676,3701.15998257644,3429.94661735611,3158.73325213579,2887.51988691547,2616.30652169514,2345.09315647482,48.1884769167219,482.58,11.79,0,0,0,-0.531593748354695,0.650395247390272,0.562172753934781,0.349607338530406,1.01957568522208,0.717324690962117,-0.446124452755358,-0.487984143513677,-0.212619414964987,-0.367386852570817,0.230045514992005,0.201992575643174,1
"X233",1702060022,9299812,1170.099,0.8832124,7554.696,1579.48277040582,0.865312,0.7573295,7181.24517315036,6807.79434630073,6434.34351945109,6060.89269260146,5687.44186575182,5313.99103890218,4940.54021205255,4567.08938520291,4193.63855835327,3820.18773150364,3446.736904654,3073.28607780437,2699.83525095473,2326.38442410509,1952.93359725546,1579.48277040582,48.448184967041,119.61,0,0,0,0,-0.638472469302214,0.483309398174,0.759635937945171,0.590456509778637,1.26653843381994,1.05162331555995,-0.73266885334547,-0.49628041045481,-0.212619414964987,-0.362488931738676,0.223312984326929,0.194513119123854,1
"X234",1702060023,15623034,1099.899,0.8588452,6486.121,1608.35301624533,0.8258016,0.6529273,6181.26050101533,5876.40000203067,5571.539503046,5266.67900406133,4961.81850507667,4656.958006092,4352.09750710733,4047.23700812267,3742.376509138,3437.51601015333,3132.65551116866,2827.795012184,2522.93451319933,2218.07401421466,1913.21351523,1608.35301624533,48.1601466908174,262.08,0.63,1,0,0,-0.592704097753919,0.334831884629577,0.646002260423155,0.294698458175389,1.13160284848672,0.715835871686575,-0.620196801241789,-0.495837098480856,-0.212619414964987,-0.367921141760028,0.236903550406182,0.199456440220705,1
"X236",1702060035,10790763,527.042,0.8095635,592.8098,494.314929798849,0.1826755,0,586.653870612428,580.497941224856,574.342011837284,568.186082449712,562.03015306214,555.874223674568,549.718294286996,543.562364899424,537.406435511852,531.25050612428,525.094576736708,518.938647349136,512.782717961564,506.626788573992,500.470859186421,494.314929798849,48.4342951456706,838.62,11.07,0,0,0,-0.627680755943375,-0.876797502500301,0.416182633812928,-1.3364404305349,-1.06479599198485,-1.38416574803165,-0.165050897403392,-0.488490785769624,-0.212619414964987,-0.362750884517426,0.231138597466556,0.222405626490925,1
"X238",1702060038,80450957,919.0822,0.9044146,2681.776,2864.35698434616,0.8922762,0.5010404,2693.18731152163,2704.59862304327,2716.00993456491,2727.42124608654,2738.83255760818,2750.24386912981,2761.65518065145,2773.06649217308,2784.47780369472,2795.88911521635,2807.30042673799,2818.71173825962,2830.12304978126,2841.53436130289,2852.94567282453,2864.35698434616,48.2482488652711,816.21,49.23,0,0,0,-0.12347045918038,-0.0476072730778188,0.858509996415462,-0.758260543136225,1.35862634257414,0.227324002120116,-0.182742332004666,-0.461638746204431,-0.212619414964987,-0.366259593436503,0.388588764864306,0.288301333593399,1
"X239",1702060039,196955155,1074.522,0.8989285,4654.781,4217.42456078926,0.9119189,0.8156131,4627.44622254933,4600.11144509866,4572.77666764799,4545.44189019731,4518.10711274664,4490.77233529597,4463.4375578453,4436.10278039463,4408.76800294396,4381.43322549329,4354.09844804262,4326.76367059194,4299.42889314127,4272.0941156906,4244.75933823993,4217.42456078926,47.9820283659573,1619.55,114.03,1,1,0,0.719803337153216,0.281157898002557,0.832926190387132,-0.212176164778631,1.42570992618819,1.23908010347954,0.451449415991202,-0.416040943169197,-0.212619414964987,-0.371280334718608,0.432297791501147,0.387623161273555,1
"X241",1702060041,52663208,1156.927,0.9509281,14525.71,5288.87900417232,1,0.9933169,13948.4080627608,13371.1061255215,12793.8041882823,12216.5022510431,11639.2003138039,11061.8983765646,10484.5964393254,9907.29450208616,9329.99256484693,8752.6906276077,8175.38869036847,7598.08675312924,7020.78481589001,6443.48287865078,5866.18094141155,5288.87900417232,47.4257419646732,0,0,1,0,0,-0.324602100726851,0.455449771273613,1.07542043583486,2.51987982432274,1.72652375711103,1.81062653419255,-0.827094221157088,-0.49628041045481,-0.212619414964987,-0.381771525693005,0.16164877960675,0.149061842357912,1
"X243",1703072003,91858236,497.3432,0.5688054,2792.956,1741.75331226752,0.0638473,0,2727.25583201672,2661.55566403344,2595.85549605016,2530.15532806688,2464.4551600836,2398.75499210032,2333.05482411704,2267.35465613376,2201.65448815048,2135.9543201672,2070.25415218392,2004.55398420064,1938.85381621736,1873.15364823408,1807.4534802508,1741.75331226752,46.2359296374851,926.73,0,0,0,0,-0.0409029669071271,-0.939612373999633,-0.706565498767474,-0.727488365069876,-1.47061705988324,-1.38416574803165,-0.0954930079469774,-0.49628041045481,-0.212619414964987,-0.404210593625294,0.146106467988644,0.161004779154765,1
"X246",1703091014,78609385,287.6091,0.4894638,1966.954,2575.34417820861,0.02593967,0.03056644,2004.97838613804,2043.00277227608,2081.02715841412,2119.05154455215,2157.07593069019,2195.10031682823,2233.12470296627,2271.14908910431,2309.17347524235,2347.19786138038,2385.22224751842,2423.24663365646,2461.2710197945,2499.29540593254,2537.31979207058,2575.34417820861,46.1794985289215,733.86,2475.9,0,0,11.964348397,-0.136800016726981,-1.38321348045942,-1.07656606462981,-0.956107546821635,-1.60007887861058,-1.28585530288865,-0.247753025418986,1.24593564718308,-0.156622020558256,-0.405274846742881,0.140490083679547,0.161239244613169,1
"X247",1703091015,49345824,313.891,0.6393428,830.4335,5045.03257126933,0.5418156,0.1166752,1093.84594195433,1357.25838390867,1620.670825863,1884.08326781733,2147.49570977167,2410.908151726,2674.32059368033,2937.73303563467,3201.145477589,3464.55791954333,3727.97036149766,3991.382803452,4254.79524540633,4518.20768736066,4781.620129315,5045.03257126933,46.1804510283888,1867.14,376.92,0,0,0.7775051394,-0.348613793417756,-1.3276255721514,-0.377622322496035,-1.27067141803999,0.161736252946346,-1.00890481319105,0.646907795863108,-0.231053189466533,-0.208980415121489,-0.405256883237406,0.380384538222642,0.298887726537431,1
"X248",1703091016,45299117,361.9463,0.8410847,1210.47,7401.33662870875,0.9528559,0.4033376,1597.3991642943,1984.32832858859,2371.25749288289,2758.18665717719,3145.11582147148,3532.04498576578,3918.97415006008,4305.90331435437,4692.83247864867,5079.76164294297,5466.69080723726,5853.61997153156,6240.54913582586,6627.47830012015,7014.40746441445,7401.33662870875,46.1820787537773,64.44,151.47,1,0,0,-0.377904428717779,-1.22598552291164,0.563178180117262,-1.16548567555292,1.56551762382694,-0.0869162482890893,-0.776222465436156,-0.389695545859951,-0.212619414964987,-0.405226185420842,0.389415512875573,0.248408792403433,1
"X249",1703091017,47448292,528.3378,0.9021281,1918.977,6546.11569637644,0.9090702,0.5240886,2208.17316852353,2497.36933704705,2786.56550557058,3075.76167409411,3364.95784261764,3654.15401114116,3943.35017966469,4232.54634818822,4521.74251671175,4810.93868523527,5100.1348537588,5389.33102228233,5678.52719080585,5967.72335932938,6256.91952785291,6546.11569637644,46.311174092974,307.08,124.11,1,0,0,-0.362348397327088,-0.874056802186186,0.847847162620275,-0.969386524939006,1.41598106993924,0.301453629310753,-0.584671832162925,-0.408947951585938,-0.212619414964987,-0.402791533316654,0.395346424588671,0.285357849123463,1
"X250",1703110012,623398247,632.4721,0.7992666,18334.12,9164.55287278155,0.6918093,0.7995034,17761.0220545488,17187.9241090977,16614.8261636465,16041.7282181954,15468.6302727442,14895.5323272931,14322.4343818419,13749.3364363908,13176.2384909396,12603.1405454885,12030.0426000373,11456.9446545862,10883.846709135,10310.7487636839,9737.65081823271,9164.55287278155,30.170747783339,49.05,6764.58,1,0,575.536846586575,3.80645850739074,-0.653806062318821,0.368164206825977,3.57396392820532,0.673993473976625,1.18726668398678,-0.788372004861127,4.26375024473164,2.48109717740669,-0.707189222046215,0.132144131146842,0.135289507594339,1
"X251",1703111002,398929322,367.6373,0.6084208,11310.76,5022.29757026046,0.504829,0.454213,10917.7310981413,10524.7021962826,10131.6732944238,9738.64439256511,9345.61549070639,8952.58658884767,8559.55768698895,8166.52878513023,7773.49988327151,7380.47098141279,6987.44207955407,6594.41317769535,6201.38427583662,5808.3553739779,5415.32647211918,5022.29757026046,30.168869462922,27.09,4887.54,0,0,560.218940192863,2.18172080872283,-1.21394869200592,-0.521823567462045,1.63005239246081,0.0354199281183131,0.0767136419051369,-0.805708189771613,2.9429338834777,2.40940394202505,-0.707224645918093,0.156712472786903,0.145201987538527,1
"X255",1703111012,187832151,328.1752,0.6186727,4358.905,4915.95482478251,0.5632918,0.5078773,4393.72061404891,4428.53622809781,4463.35184214672,4498.16745619563,4532.98307024453,4567.79868429344,4602.61429834235,4637.42991239126,4672.24552644016,4707.06114048907,4741.87675453798,4776.69236858688,4811.50798263579,4846.3235966847,4881.13921073361,4915.95482478251,30.1388979889626,918.63,795.87,1,0,89.9363818006875,0.653769749101336,-1.29741357074155,-0.474014992878673,-0.294068132376752,0.235081590319119,0.249313435053692,-0.101887502381173,0.0637492732126521,0.208314753457441,-0.707789887952352,0.27989674784577,0.260051627721841,1
