"","ID2003_d","X","Area2003","elev_MEAN.2003","ovslp_MEAN.2003","dstrds00_MEAN.2003","dstrds16_MEAN.2003","mdvp.2003","PAs_MEAN.2003","prmforlag_MEAN.2003","dstrds.2003","pop.2003_pds","pop.2003","AreaNonFor_3km","AreaFor_3km","VCA","HKDII","AreaConc","year","dstrds","HKD","KSNP_AreaForLoss_Ha2","nonKSNP_AreaForLoss_Ha","All_AreaForLoss_Ha","KSNP_AreaForLoss_Ha2_trunc","All_AreaForLoss_Ha_trunc","nonKSNP_AreaForLoss_Ha_trunc","pop.2003_pds_imp","mdvp.2003_imp","Area2003_z","elev_MEAN.2003_z","ovslp_MEAN.2003_z","dstrds00_MEAN.2003_z","PAs_MEAN.2003_z","prmforlag_MEAN.2003_z","AreaNonFor_3km_z","AreaFor_3km_z","AreaConc_z","pop.2003_pds_z","All_AreaForLoss_Ha_trunc_z","ps03.1","distance","weights"
"X1",1302010001,1,463743729,50.49509,0.08679081,11271.33,1582.9979908511,0.3888889,0.06584024,0.07391308,9454.76774828458,8916,57.2634752270034,17.19,1573.74,1,1,1262.73359649071,2003,9454.76774828458,2.5e+08,0.54,323.55,324.09,0.63,1470.51,1469.88,8916,0.3888889,2.65085661658445,-1.88472485697434,-2.95438594924872,1.61913903591146,-1.46381078797928,-1.14644006598656,-0.813523682968963,0.611112900481438,5.69742172451318,1.06810524305645,3.63060731383992,0.497021355960277,0.494326899299501,1
"X2",1302010002,2,462709037,163.0058,0.3420156,6281.543,4241.08687348021,0.3333333,0.2131038,0.2310532,5898.95747627754,14451,57.5307326834944,512.91,6028.92,0,0,548.816296854219,2003,5898.95747627754,0,0.18,187.74,187.92,2.34,841.77,839.43,14451,0.3333333,2.64336737013794,-1.64675747139147,-1.76417404626093,0.238075768442905,-0.960877518084443,-0.641032332962196,-0.422180623596204,3.74608851971775,2.35603552653546,2.08720135158781,1.93902897555831,0.140783108875116,0.154905341151329,0.566037735849057
"X3",1302020001,3,477010676,235.5219,0.4245429,4883.622,5347.07525550266,0.2777778,0.3153408,0.3188482,4970.51948540675,21587,57.5349319829837,3034.8,1567.62,1,1,126.541988392625,2003,4970.51948540675,499947021,1.35,39.24,40.59,64.62,231.93,167.31,21587,0.2777778,2.74688464780138,-1.49338125743223,-1.37931732924122,-0.148838010426396,-0.611718576699087,-0.358658411389056,1.56870969352145,0.606806441305888,0.379641976788744,3.40107123966003,0.298299685521636,0.460766862901782,0.483875029313659,1
"X6",1302040002,6,296320472,861.3413,0.8308674,12674.79,10624.4135982687,0.2222222,0.690527,0.6856033,12290.3444246754,17349,57.0794208576513,1568.7,1054.8,0,0,8.5488456172,2003,12290.3444246754,0,0.36,35.19,35.55,5.22,84.06,78.84,17349,0.2222222,1.43902349856303,-0.16973298905812,0.515530958715308,2.00758588812408,0.669614173815837,0.820931267339219,0.411306200932087,0.245950494507607,-0.172607785090632,2.62077687507902,-0.0995335824137609,0.154890871394657,0.15579883269317,0.566037735849057
"X8",1302060001,8,467427421,754.0819,0.8535022,12090.88,6380.38784324872,0.1666667,0.7857474,0.7649608,11020.1627206091,20145,57.0439200587857,5015.34,646.38,0,0,41.3176625950188,2003,11020.1627206091,0,5.31,6.03,11.34,31.05,49.41,18.36,20145,0.1666667,2.67751969817885,-0.396593516355366,0.621085785038206,1.84597244600569,0.994810081973257,1.07616776692622,3.13223463262039,-0.0414423251783526,-0.0192380981121919,3.13557230768131,-0.192756837529481,0.817606637110935,0.804794590514345,1.69811320754717
"X9",1302060002,9,170555139,444.7828,0.7189815,11697.72,3314.54697334104,0.1666667,0.5251715,0.5045119,10125.8750575014,29858,57.38033200748,1959.21,1357.02,1,1,15.0930638318813,2003,10125.8750575014,2.5e+08,0.9,25.83,26.73,6.84,71.37,64.53,29858,0.1666667,0.528716302541916,-1.05078099939707,-0.00623626443140065,1.73715440743252,0.104893462798826,0.238489342614918,0.719591882598463,0.458613581441378,-0.141978522527273,4.92391566850608,-0.133675086235362,0.179984806917018,0.182510406606368,1
"X11",1302070002,11,421458481,1016.942,0.891535,3820.417,4983.74497724736,0.2222222,0.7580696,0.6814985,4038.54099573388,25412,57.4702672974008,5790.42,763.47,1,1,12.0194690550187,2003,4038.54099573388,2.5e+08,15.66,29.07,44.73,85.86,344.43,258.57,25412,0.2222222,2.34479003510498,0.159372495867402,0.798447440479099,-0.443109764168372,0.90028509250882,0.807729052255519,3.74411670003473,0.0409503716950352,-0.15636403632672,4.10532464799471,0.600972591741506,0.632528718045792,0.628292862682578,1
"X12",1302080001,12,72521582,131.0403,0.6320838,1500.221,1052.71020090045,0.1666667,0.1362841,0.1313082,1416.31272516883,3729,55.0149974165292,1311.75,587.25,0,0,0,2003,1416.31272516883,0,0,41.85,41.85,1.08,90.45,89.37,3729,0.1666667,-0.18086439239129,-1.71436655912942,-0.411473846886704,-1.08528897320625,-1.22323151056799,-0.961840884785339,0.208458627491777,-0.0830503204480034,-0.212619414964987,0.113082385793186,-0.0823417613404723,0.220279335204574,0.252368168136831,2.83018867924528
"X13",1302080002,13,180501014,797.131,0.8956217,5675.434,4163.84980827095,0.1666667,0.621837,0.6030046,5392.0119640508,16095,58.1046965048863,3714.57,1463.13,0,0,0,2003,5392.0119640508,0,0.18,10.71,10.89,22.77,73.26,50.49,16095,0.1666667,0.60070594680443,-0.305541901991759,0.817505303094796,0.0703181314972598,0.435024664305972,0.555270138165083,2.10534987642676,0.533279983911574,-0.212619414964987,2.38989222826812,-0.128590181410868,0.618374368960274,0.616371642836052,4.24528301886792
"X16",1302090003,16,163053444,1083.354,0.8742224,2602.993,3696.1922896609,0.2222222,0.6718057,0.6195208,2807.96786681142,4056,57.8727592995826,2792.43,36.9,1,0,0,2003,2807.96786681142,0,2.25,9,11.25,7.02,44.1,37.08,4056,0.2222222,0.474417977415583,0.299838145860454,0.717712091096829,-0.780065944328897,0.60567734772198,0.608390978343752,1.3773722100627,-0.470314994837524,-0.212619414964987,0.173289147760621,-0.207042998703059,0.608899256168727,0.595615655370049,1
"X17",1302090004,17,142934393,1033.759,0.9321618,6387.497,4043.36103056953,0.2222222,0.789981,0.7622262,5947.97150573179,8633,58.1028949575713,2266.29,589.14,1,0,0,2003,5947.97150573179,0,0.45,12.78,13.23,5.4,38.43,33.03,8633,0.2222222,0.328793452234102,0.194941532124903,0.987905921139635,0.267401504680016,1.00926863703893,1.06737250835871,0.962014271592626,-0.0817203845261424,-0.212619414964987,1.01599969676659,-0.22229771317654,0.486070566399468,0.46426803571917,1
"X20",1302100003,20,57225984,556.812,0.8045037,1211.083,1590.34350564102,0.3333333,0.3804724,0.1528494,1282.19434480769,7255,59.0016116811268,2174.85,762.66,1,1,0,2003,1282.19434480769,2.5e+08,0,1.08,1.08,0,4.68,4.68,7255,0.3333333,-0.291576085309451,-0.813832038423129,0.392586829554504,-1.16531601063877,-0.38928168490126,-0.892558202179367,0.889827534424375,0.0403803991570948,-0.212619414964987,0.762284351227977,-0.313099585042501,0.473243900150837,0.444368944272234,1
"X21",1302100004,21,118789354,1089.532,0.8988265,1687.636,1869.07661449311,0.1666667,0.5008674,0.4862539,1721.65611521746,10001,57.640852419764,3049.02,992.52,1,1,0,2003,1721.65611521746,2.5e+08,0,1.98,1.98,0.36,7.65,7.29,10001,0.1666667,0.154028258793152,0.312905013078081,0.832450524939019,-1.03341662429183,0.0218903051619252,0.179766373652193,1.57993558375037,0.202125939368188,-0.212619414964987,1.26787385692393,-0.305109020318297,0.622238272710949,0.629396085919283,1
"X23",1303040002,23,106157345,1618.917,0.9265665,2071.516,2374.9503036674,0.1666667,0.3334351,0.344829,2128.40993193764,15013,85.6621887951362,2330.1,238.32,1,1,0,2003,2128.40993193764,249938917,0.09,0.99,1.08,5.22,8.82,3.6,15013,0.1666667,0.0625959982599296,1.43258832515378,0.96181287327862,-0.927167085560854,-0.549923075724792,-0.275096700794975,1.01238867774645,-0.328581823736339,-0.212619414964987,2.19067597001502,-0.30196122209361,0.299498032258109,0.335701313177126,1
"X25",1303050004,25,108229679,1711.52,0.8710662,1622.607,1053.90814628576,0.4444444,0.1902112,0.100499,1515.97596492858,13890,84.5598534860919,4049.01,144.63,0,0,0,2003,1515.97596492858,0,4.23,0.63,4.86,21.96,33.21,11.25,13890,0.4444444,0.0775958436685147,1.6284496241104,0.702993509848471,-1.05141522086924,-1.03906013280865,-1.06093211577265,2.36937144662088,-0.394508647291448,-0.212619414964987,1.98391085169872,-0.236341736025142,0.442497335793497,0.489522348449857,5.66037735849057
"X28",1310030001,28,183521713,443.7258,0.7308036,4263.271,3983.42821702307,0.4444444,0.07398072,0,4210.80047819183,4791,31.8887963012413,1079.1,2494.44,0,0,79.4213153221625,2003,4210.80047819183,0,0.36,14.4,14.76,0.45,62.19,61.74,4791,0.4444444,0.622570191673195,-1.05301662235742,0.0488947600208555,-0.320537519651417,-1.43600948924039,-1.38416574803165,0.0247945373540537,1.25898168527372,0.159100512508172,0.308616273283756,-0.158373195382904,0.225156429643498,0.248961079381381,1.13207547169811
"X30",1310040001,30,301793042,1066.594,0.8306361,5549.4,3760.32389981782,0.1111111,0.3369415,0.3305005,5213.94823121584,25412,31.9388246341185,5073.03,1385.55,1,1,48.7697555872,2003,5213.94823121584,249999995,0.81,5.76,6.57,2.88,32.04,29.16,25412,0.1111111,1.47863473110936,0.264389668267797,0.514452317360912,0.0354346930153901,-0.537948047974822,-0.321181269793901,3.17777764297949,0.47868928083328,0.0156403404447661,4.10532464799471,-0.239489534249829,0.759536791288097,0.779594425826041,1
"X31",1310040004,31,56127136,1112.749,0.8965412,4522.34,3877.89959848091,0.2777778,0.7192887,0.5256322,4401.50742471517,6196,31.8881665706635,1562.49,0,0,0,0,2003,4401.50742471517,0,0.45,0.18,0.63,0.45,0.81,0.36,6196,0.2777778,-0.299529701921219,0.362010460826811,0.821793287207928,-0.248832919908019,0.767840889431937,0.306418290001456,0.406403755199204,-0.49628041045481,-0.212619414964987,0.567302819351788,-0.323511533016465,0.3897767299248,0.343928289317905,1.13207547169811
"X34",1311010001,34,314173877,413.4061,0.3623616,5289.083,3377.71329138324,0.4444444,0.1135569,0.005881089,4930.70117963436,3729,47.773154024427,858.69,2184.39,1,0,481.100348610294,2003,4930.70117963436,2.5e+08,2.7,246.33,249.03,28.89,616.68,587.79,3729,0.4444444,1.56824895884929,-1.11714473727783,-1.66929277952273,-0.036615325672304,-1.30084925260515,-1.36525047763982,-0.149206761194219,1.04080886380652,2.03910086903321,0.113082385793186,1.33344102479359,0.255324670186104,0.265755847653347,1
"X35",1501010001,35,54966084,984.8491,0.9070144,2585.067,6545.16472716687,0.3333333,0.8840587,0.9081115,3327.58532384379,785,54.4554551442464,423.36,131.76,0,0,0,2003,3327.58532384379,0,0,0.81,0.81,0,8.19,8.19,785,0.3333333,-0.307933559847272,0.0914939489382027,0.870633869278234,-0.785027466761145,1.33056200577988,1.53658150956464,-0.492875312063142,-0.403564877616501,-0.212619414964987,-0.428962590451858,-0.303656190368441,0.425068231191313,0.392379112571003,2.83018867924528
"X36",1501010002,36,73344691,1353.599,0.7880201,2931.407,3714.1045587519,0.1666667,0.8117983,0.9296222,3078.16279226598,817,53.5316382733513,395.1,872.19,0,0,0,2003,3078.16279226598,0,0,0.72,0.72,0.18,20.97,20.79,817,0.1666667,-0.174906613503131,0.871423696399094,0.315717427784834,-0.689168174159064,1.08377889625904,1.60576609541558,-0.515184992644669,0.117453352343039,-0.212619414964987,-0.423070797231803,-0.269272548221864,0.308811854050417,0.311487055508258,1.13207547169811
"X37",1501010003,37,21822556,1373.764,0.7529179,2058.161,1082.59684541836,0.1666667,0.4749454,0.7206252,1875.24272101594,2000,53.010425932511,232.02,665.73,0,0,0,2003,1875.24272101594,0,0,0,0,0.54,1.44,0.9,2000,0.1666667,-0.547831084230461,0.914073967917944,0.152022293542356,-0.93086345575402,-0.0666382909294231,0.93357175078295,-0.643927480586469,-0.0278263145497758,-0.212619414964987,-0.205258566627901,-0.321816564741633,0.202557046273389,0.248236579997691,1.13207547169811
"X39",1501010005,39,60826821,1412.175,0.8026425,5926.967,5014.5005596948,0.1666667,0.6677665,0.6974463,5755.87954244277,655,51.8611713892977,1008,465.12,0,0,0,2003,5755.87954244277,0,0,1.98,1.98,0.45,17.28,16.83,655,0.1666667,-0.265512719876314,0.995315702572571,0.383907334142475,0.139936932230872,0.59188270589912,0.85902175487485,-0.0313349137905502,-0.16898951311302,-0.212619414964987,-0.45289800040833,-0.279200219545876,0.243696111404133,0.251869862975743,1.69811320754717
"X41",1501010007,41,72033611,1058.642,0.773277,10007.11,6044.87473490466,0.3333333,0.5063346,0.5117197,9264.19088779462,1403,50.583327293396,2009.25,1001.61,0,0,0,2003,9264.19088779462,0,0,1.35,1.35,10.17,59.67,49.5,1403,0.3333333,-0.184396395226679,0.247570676989944,0.246964650646926,1.26923075245185,0.0405618405585234,0.261671696415417,0.759095648214159,0.208522297849519,-0.212619414964987,-0.315177333889549,-0.165153068482229,0.213943360770418,0.235872966612998,1.13207547169811
"X42",1501010011,42,49308062,1042.286,0.9006952,1880.29,6774.67452001349,0.1111111,0.7541103,0.8215361,2797.98709750253,512,54.4782605535334,416.07,365.49,0,0,0,2003,2797.98709750253,0,0,1.26,1.26,0,3.33,3.33,512,0.1111111,-0.34888712009305,0.212976685372671,0.841164995751644,-0.980094235434174,0.886763324493062,1.25813017167793,-0.498630357053918,-0.239096135279692,-0.212619414964987,-0.47922695136045,-0.31673165991714,0.381768304703205,0.372420254188493,2.26415094339623
"X43",1501010015,43,48973912,1224.567,0.8729371,4022.106,6332.06027167713,0.3333333,0.7387253,0.7801852,4455.22242593946,1369,54.6089368138995,690.3,304.29,1,0,0,2003,4455.22242593946,124999522,0.09,0.81,0.9,0.36,7.2,6.84,1369,0.3333333,-0.351305744862647,0.598512720221545,0.711718240111937,-0.387286686078572,0.834220602061715,1.12513380749343,-0.282141195487325,-0.282160727035191,-0.212619414964987,-0.321437364185857,-0.306319711943176,0.316930903929066,0.312703836458135,1
"X44",1501010016,44,42903793,1054.024,0.7190017,5764.995,6714.32367411348,0.3333333,0.7139262,0.7874161,5942.99412639628,540,54.9560819661842,694.89,315.9,0,0,0,2003,5942.99412639628,0,0,0.54,0.54,0.36,8.91,8.55,540,0.3333333,-0.395242121243923,0.237803310073304,-0.0061420640191278,0.0951066459764853,0.749526924593581,1.14839045752478,-0.278517648641281,-0.273991120658045,-0.212619414964987,-0.474071632292902,-0.301719083768634,0.287843515164427,0.292380894764736,0.566037735849057
"X46",1501020002,46,65360452,855.6116,0.8595938,8250.085,3788.22375593659,0.2222222,0.5204131,0.3729294,7413.48601673811,2266,55.1661007830971,2548.08,0,0,0,0,2003,7413.48601673811,0,0,1.44,1.44,5.22,29.25,24.03,2266,0.2222222,-0.232697660074386,-0.181851672952073,0.649493271741361,0.782924886585442,0.0886426151928899,-0.184717748169269,1.18447162796447,-0.49628041045481,-0.212619414964987,-0.156283035486195,-0.246995822324082,0.375496979535528,0.36676408401328,0.566037735849057
"X47",1501020003,47,27446251,1012.792,0.8650606,6086.673,3368.49669084352,0.1666667,0.3207473,0.213766,5577.01494203316,1195,55.1666055202484,992.97,2.43,0,0,0,2003,5577.01494203316,0,1.17,0.9,2.07,1.26,8.28,7.02,1195,0.1666667,-0.50712598764611,0.150594979041058,0.674987074405489,0.184140039536722,-0.593254343431288,-0.696632930456577,-0.0432002534628906,-0.494570492840989,-0.212619414964987,-0.353473989819905,-0.303414052043465,0.153081820749495,0.162943649403926,0.566037735849057
"X48",1501020004,48,197546605,1032.116,0.9313594,4525.815,12317.6226050543,0.1666667,0.9428952,0.9334415,5986.77892594767,2050,54.4423730435579,937.35,27.63,0,0,0,2003,5986.77892594767,0,0.09,1.98,2.07,2.43,5.85,3.42,2050,0.1666667,0.724084335567037,0.191466481487389,0.984164019614484,-0.247871116357195,1.53149992507348,1.61805006054644,-0.0871091152443656,-0.476838013882842,-0.212619414964987,-0.196052639721565,-0.309951786817814,0.474865715490746,0.431959740964231,1.69811320754717
"X49",1501020007,49,26623560,1154.968,0.8845998,3645.728,4705.75066674651,0.1111111,0.2106367,0.1821165,3844.48225001497,438,55.1682198555239,1482.21,79.47,0,0,0,2003,3844.48225001497,0,0,0.09,0.09,1.35,6.57,5.22,438,0.1111111,-0.513080740991389,0.45130636031872,0.76610592071685,-0.491459836251772,-0.969303137227139,-0.798426807452181,0.343027210362511,-0.440359771454655,-0.212619414964987,-0.492851723181827,-0.308014680218007,0.208002159362641,0.240194040208523,0.566037735849057
"X50",1501020010,50,39660642,1098.958,0.8381959,871.0142,4471.30819891092,0.2222222,0.543718,0.4904941,1546.0693247958,1549,55.1690720267918,1195.29,42.84,0,0,0,2003,1546.0693247958,0,0,0.09,0.09,0,5.13,5.13,1549,0.2222222,-0.418716505024094,0.332841609127508,0.549706588484838,-1.25943957304577,0.168233313404805,0.193404074002491,0.116520007515679,-0.466135196225961,-0.212619414964987,-0.288296027323049,-0.311888893417622,0.378099179984253,0.37274977066092,0.566037735849057
"X51",1501030006,51,37272821,1047.606,0.8239826,6638.991,6760.5118631478,0.05555556,0.7241879,0.8085497,6661.77616184021,1689,54.755166458502,274.5,314.37,1,1,0,2003,6661.77616184021,249995736,0,1.08,1.08,0,3.69,3.69,1689,0.05555556,-0.435999889779338,0.224228827424755,0.483424473645067,0.337009511071619,0.78457259601209,1.21636218152909,-0.610391909776022,-0.275067735451932,-0.212619414964987,-0.262519431985309,-0.315763106617236,0.228918231232927,0.232581578173634,1
"X52",1501030007,52,39108720,1218.003,0.9356116,7536.947,7360.96620592103,0.1666667,0.7946151,0.8157174,7503.95060111019,435,54.5290981207954,389.61,160.47,0,0,0,2003,7503.95060111019,0,0,0,0,0,1.17,1.17,435,0.1666667,-0.422711394205856,0.584629438185852,1.00399367273668,0.585543977052431,1.02509497633169,1.23941556221888,-0.51951903887229,-0.383362517660613,-0.212619414964987,-0.493404078796207,-0.322542979716561,0.233101283715982,0.225208198270192,0.566037735849057
"X53",1501030009,53,43961195,1260.288,0.9534893,8674.927,8546.4921254967,0.1111111,0.8128723,0.8350017,8650.84546103063,953,54.3932913870182,455.58,148.23,0,0,0,2003,8650.84546103063,0,0.81,0,0.81,1.71,2.07,0.36,953,0.1111111,-0.38758849661839,0.674064931921264,1.08736430196923,0.900511805762128,1.08744681201408,1.30143940658123,-0.467439434202676,-0.391975436011712,-0.212619414964987,-0.39803067604657,-0.320121596466802,0.219118667358217,0.211937496875974,0.566037735849057
"X57",1501030013,57,67436809,915.3237,0.8131173,10900.99,11277.9285681359,0.05555556,0.8018926,0.7674176,10971.6659815255,1740,55.3366631368001,973.62,168.57,0,0,0,2003,10971.6659815255,0,0,0,0,0.18,0.36,0.18,1740,0.05555556,-0.217668695625107,-0.0555567422324727,0.432755377631576,1.5166370713037,1.04994903304239,1.08406954095117,-0.0584759901668018,-0.377662792281209,-0.212619414964987,-0.253129386540846,-0.324722224641344,0.260833832607354,0.244521679791331,0.566037735849057
"X58",1501040002,58,51316582,1252.767,0.9322156,2727.76,9267.35927615506,0.1666667,0.8302496,0.8439643,3953.93486427907,757,54.9583712593454,736.29,131.04,1,1,0,2003,3953.93486427907,249994905,0,0,0,0,1.44,1.44,757,0.1666667,-0.334349169405539,0.658157533354774,0.988156811346581,-0.745533183573327,1.14679362062677,1.33026570089744,-0.245834677088727,-0.404071519872448,-0.212619414964987,-0.434117909519405,-0.321816564741633,0.408056334723099,0.385233302305358,1
"X59",1501040004,59,44799511,1311.5,0.8930121,4491.942,8505.06210192683,0.2222222,0.800872,0.7693683,5244.40201911128,990,54.5988981833825,716.85,115.65,0,0,0,2003,5244.40201911128,0,0.72,0.0900000000000001,0.81,1.17,2.43,1.26,990,0.2222222,-0.381520647322117,0.782381604622646,0.805335729041911,-0.257246417559223,1.04646348851763,1.09034355210001,-0.261181463730796,-0.414900998093316,-0.212619414964987,-0.391218290135881,-0.319153043166898,0.319587895744508,0.298881914773038,1.69811320754717
"X60",1501040005,60,43786891,1360.274,0.8805614,5957.696,9603.34745475346,0.1111111,0.8629292,0.7974559,6641.25564776627,2027,54.6092663979044,398.43,0,0,0,0,2003,6641.25564776627,0,0,0.9,0.9,1.71,6.93,5.22,2027,0.1111111,-0.388850133523492,0.885541750571587,0.747273299680994,0.148442043400155,1.25840071532729,1.18068133625148,-0.512556144932833,-0.49628041045481,-0.212619414964987,-0.20028736609848,-0.307046126918104,0.245996014915727,0.220878172764883,0.566037735849057
"X61",1501040007,61,56261040,1310.943,0.87502,8001.241,11007.0927276522,0.1666667,0.8874332,0.8219599,8564.83819893479,757,54.8009391902043,461.79,0,0,0,0,2003,8564.83819893479,0,0.45,0.27,0.72,0.45,5.94,5.49,757,0.1666667,-0.29856048590701,0.78120351381005,0.721431608365598,0.714050341894467,1.34208656976068,1.25949323412981,-0.462536988469793,-0.49628041045481,-0.212619414964987,-0.434117909519405,-0.309709648492839,0.233250000851173,0.208979403093578,1.69811320754717
"X63",1501050026,63,14071193,1163.643,0.9058402,6517.813,1843.34370478682,0.1666667,0.4808418,0.6287341,5641.35000714753,20,55.1713650004069,391.5,334.89,0,0,0,2003,5641.35000714753,0,4.14,0.720000000000001,4.86,5.94,7.38,1.44,20,0.1666667,-0.603936541509946,0.469654543082222,0.865158120560845,0.3034701065589,-0.0465009553074408,0.638023595823447,-0.518026990170978,-0.260628431157442,-0.212619414964987,-0.569813272118793,-0.305835435293224,0.161595994342885,0.190340148030445,0.566037735849057
"X64",1501060001,64,134047529,1147.449,0.9048818,9284.692,11782.3213602487,0.2222222,0.8400373,0.7926696,9752.99750504662,826,120.081517708071,1629.99,207.81,1,1,0,2003,9752.99750504662,237946459,0.09,0.54,0.63,4.14,7.29,3.15,826,0.2222222,0.264469078765771,0.435403191880821,0.860688730703287,1.06928134307664,1.18022049123719,1.16528722154306,0.459691208817499,-0.350050789332095,-0.212619414964987,-0.421413730388662,-0.3060775736182,0.378438755102591,0.354629990605432,1
"X65",1501060010,65,71092003,1424.356,0.9253178,4743.406,7758.06746077319,0.1111111,0.7348205,0.4725655,5308.65502389497,845,245.41356150605,1669.59,168.75,0,0,0,2003,5308.65502389497,0,0.09,0.54,0.63,1.35,3.69,2.34,845,0.1111111,-0.191211886569043,1.02107930075611,0.955989702248639,-0.187646714507627,0.820884961986971,0.135740549994106,0.490953181606898,-0.377536131717222,-0.212619414964987,-0.417915478164255,-0.315763106617236,0.361980613035747,0.312351840620401,0.566037735849057
"X66",1501060028,66,38260615,1224.076,0.9409011,1946.646,8386.00398992582,0.1111111,0.8815669,0.8501118,3154.02562311109,918,221.499833349748,418.77,4.41,1,1,0,2003,3154.02562311109,249990500,0,0.09,0.09,0.27,0.63,0.36,918,0.1111111,-0.428850097663044,0.597474223652452,1.02866065693071,-0.961728354450448,1.32205203140521,1.3500378255386,-0.496498858909186,-0.493177226637134,-0.212619414964987,-0.404474824881005,-0.323995809666416,0.399108030239623,0.360261090930008,1
"X67",1501060029,67,45570610,1225.975,0.9506436,968.6358,5639.75707399172,0.1111111,0.8047461,0.7561992,1844.47103887345,772,272.998733322709,817.47,26.28,0,0,0,2003,1844.47103887345,0,0.09,0.18,0.27,2.16,4.05,1.89,772,0.1111111,-0.375939324140277,0.601490730749615,1.07409370230556,-1.23242006181783,1.05969428221092,1.0479879463071,-0.181747632870457,-0.477787968112743,-0.212619414964987,-0.431356131447505,-0.314794553317332,0.443872472096585,0.408930865017382,1.69811320754717
"X69",1501070018,69,7777451,1126.124,0.7040675,1253.5,1945.82665136755,0.1111111,0.3084123,0.1862722,1383.31124713142,544,278.188067626953,300.33,0,0,0,0,2003,1383.31124713142,0,0.18,0,0.18,0.27,0.54,0.27,544,0.1111111,-0.64949153266558,0.390299445779185,-0.0757860143642346,-1.15357591820272,-0.635380731548979,-0.785060883357626,-0.590000577524755,-0.49628041045481,-0.212619414964987,-0.473335158140395,-0.324237947991392,0.14662490916166,0.152409866030499,0.566037735849057
"X70",1501070019,70,6914402,1138.405,0.6938696,1635.266,1686.78063026934,0.1666667,0.2728101,0.190941,1644.9249931755,1582,167.313730773926,295.92,0,0,0,0,2003,1644.9249931755,0,0.09,0,0.09,0.09,0.27,0.18,1582,0.1666667,-0.655738402899835,0.416274550392277,-0.123342766063312,-1.04791148816424,-0.756969065156085,-0.770044682377608,-0.593482024494483,-0.49628041045481,-0.212619414964987,-0.282220115564867,-0.32496436296632,0.132892042650615,0.144333626338061,0.566037735849057
"X71",1501070041,71,201644259,1505.61,0.8566487,14615.06,8478.65091375478,0.1666667,0.8248891,0.7802667,13464.483296329,988,55.1153855319698,2145.15,1377.09,0,0,26.4380829081375,2003,13464.483296329,0,5.4,4.23,9.63,24.3,54.9,30.6,988,0.1666667,0.753743732429642,1.19293673502304,0.635759131435126,2.54460993864392,1.12848648617157,1.12539593488802,0.866381054832326,0.472736234325902,-0.0888798090257252,-0.391586527212135,-0.177986399705951,0.253863584270882,0.249598404995402,0.566037735849057
"X72",1501070048,72,7051731,1128.371,0.6983012,2216.563,1541.1423087184,0.05555556,0.1652829,0.02580151,2089.9216203847,1150,55.172087020874,398.88,0,1,1,0,2003,2089.9216203847,249998963,0.54,0,0.54,0.81,2.61,1.8,1150,0.05555556,-0.654744396253167,0.395051995251184,-0.10267650135885,-0.887021266960479,-1.12419505302869,-1.3011806855428,-0.512200895242044,-0.49628041045481,-0.212619414964987,-0.361759324035607,-0.318668766516947,0.103377447725762,0.114078777842339,1
"X73",1501071005,73,50102413,1421.804,0.902627,9789.792,7549.2454910946,0.3888889,0.9189068,0.8572558,9369.68952958024,746,55.1727440143454,405.18,0,0,0,0,2003,9369.68952958024,0,3.06,0.18,3.24,5.04,5.58,0.54,746,0.3888889,-0.343137495659848,1.01568165667399,0.850173726267954,1.20908191099635,1.44957494341783,1.3730149802253,-0.507227399571003,-0.49628041045481,-0.212619414964987,-0.436143213438799,-0.310678201792742,0.193864060183611,0.173753659401356,0.566037735849057
"X74",1501071006,74,45944960,1473.135,0.9114283,10679.01,6743.07009955433,0.5555556,0.9060627,0.7953824,9941.02126866644,437,55.1735316189853,427.05,0,0,0,0,2003,9941.02126866644,0,0,0.18,0.18,0,0.36,0.36,437,0.5555556,-0.37322972610796,1.12425002202653,0.891217592037288,1.45519789081109,1.40570988126766,1.17401236505287,-0.489962264598676,-0.49628041045481,-0.212619414964987,-0.493035841719954,-0.324722224641344,0.170451964692685,0.149459222767148,0.566037735849057
"X75",1501071007,75,42157368,1266.319,0.8680643,7451.551,1759.75854900434,0.3888889,0.552358,0.4870306,6384.33991543831,800,56.4530415217082,1349.46,533.52,1,0,0,2003,6384.33991543831,124886863,0.63,1.08,1.71,1.08,4.59,3.51,800,0.3888889,-0.400644850538092,0.686820884687453,0.688994489175052,0.561908242944193,0.197740568640869,0.182264463804091,0.238228551579865,-0.120858498798051,-0.212619414964987,-0.426200812379957,-0.313341723367477,0.22861924287877,0.232536555173649,1
"X79",1501071016,79,5372239,1153.639,0.8276382,2518.784,1327.84642530023,0.1111111,0.09681742,0.2835846,2295.48320474379,1389,55.1731727600098,288,149.13,0,0,0,2003,2295.48320474379,0,0,0,0,0,0.63,0.63,1389,0.1111111,-0.666900795928584,0.448495439869994,0.500471950234478,-0.803373142950854,-1.35801778372541,-0.472076271412823,-0.599734419052363,-0.391342133191779,-0.212619414964987,-0.317754993423323,-0.323995809666416,0.111080593632668,0.155524794246332,0.566037735849057
"X81",1501080001,81,25476671,1330.892,0.9167256,3121.166,6079.13350495543,0.1666667,0.6099491,0.5984313,3675.78490717914,704,117.598815260262,747.45,5.49,1,1,0,2003,3675.78490717914,249968640,0,0.72,0.72,0.09,2.52,2.43,704,0.1666667,-0.521382085128389,0.823396931441071,0.915920950647936,-0.636647057612092,0.394425208342916,0.54056109259836,-0.237024484757169,-0.492417263253214,-0.212619414964987,-0.443876192040121,-0.318910904841923,0.271922083393265,0.272812204275634,1
"X83",1501080006,83,19079607,1537.375,0.9083408,4918.234,3137.72365472223,0.2222222,0.5164789,0.558395,4584.38831026042,799,55.1748807466947,676.62,169.2,0,0,0,2003,4584.38831026042,0,0,0.27,0.27,0,0.36,0.36,799,0.2222222,-0.56768493547434,1.26012175236975,0.876819385458394,-0.139258170282194,0.0752065684857461,0.411792859370059,-0.2929407860873,-0.377219480307255,-0.212619414964987,-0.426384930918084,-0.324722224641344,0.178132653942197,0.196185030693781,0.566037735849057
"X88",1501080018,88,15668779,1309.731,0.8548535,3144.264,3984.97519577175,0.5,0.1721999,0.2980471,3301.8973492072,588,55.1735674004806,780.21,200.43,1,1,0,2003,3301.8973492072,249999128,0,1.53,1.53,0,4.5,4.5,588,0.5,-0.59237298900011,0.778640055883898,0.627387419548347,-0.630254039362617,-1.10057217288195,-0.425560719949168,-0.211162307267756,-0.355243872455552,-0.212619414964987,-0.46523394246282,-0.313583861692453,0.140276740237807,0.184375208722172,1
"X89",1501080019,89,12245573,1253.504,0.7401309,2277.073,2458.88915067826,0.1666667,0.2457546,0.1287951,2311.16352825217,1352,55.1746066502162,477.9,0,0,0,0,2003,2311.16352825217,0,0,3.6,3.6,0,6.3,6.3,1352,0.1666667,-0.617150636233491,0.659716335740561,0.0923915672186911,-0.870273430166138,-0.849368780901378,-0.96992373577122,-0.44981904953956,-0.49628041045481,-0.212619414964987,-0.324567379334011,-0.308741095192935,0.117647203236138,0.128253911787017,0.566037735849057
"X90",1501080020,90,8921207,1183.6,0.7696108,1648.687,2154.88701031395,0.1666667,0.1197822,0.082073,1743.59950193387,917,55.1746127735485,303.39,0,0,0,0,2003,1743.59950193387,0,0,2.16,2.16,0.18,8.82,8.64,917,0.1666667,-0.641212865623906,0.511864881227608,0.229867742158006,-1.04419685062306,-1.27958866047308,-1.12019542095981,-0.587584879627392,-0.49628041045481,-0.212619414964987,-0.404658943419131,-0.30196122209361,0.0983278393788046,0.118567357143133,0.566037735849057
"X93",1501080023,93,26507126,1449.613,0.9342275,4361.558,4996.77323248849,0.2222222,0.5941596,0.6227165,4480.66085609159,1181,55.1996678161621,813.96,83.61,0,0,0,2003,4480.66085609159,0,0,1.53,1.53,0,5.22,5.22,1181,0.2222222,-0.51392350668471,1.07449947966767,0.997539079141261,-0.293333840342124,0.340501040918167,0.618669266870107,-0.184518580458609,-0.437446578482959,-0.212619414964987,-0.356051649353679,-0.311646755092646,0.235381360871748,0.246466968326664,1.13207547169811
"X97",1501080030,97,54469109,1178.629,0.9559744,7263.9,3577.4905410021,0.1666667,0.6780764,0.6454661,6572.69822643789,768,55.2337750562981,1204.92,123.39,1,1,0,2003,6572.69822643789,249999744,0,3.6,3.6,1.17,11.52,10.35,768,0.1666667,-0.311530734902997,0.501350896614654,1.09895328437221,0.50997057442172,0.627092989551701,0.691838510747552,0.124122350898556,-0.409454593841885,-0.212619414964987,-0.432092605600012,-0.294697072344333,0.281325844602261,0.27626899974666,1
"X99",1501080032,99,33060010,1256.015,0.8929903,5996.001,2894.76745252534,0.5,0.455669,0.5060841,5414.5197098485,946,55.1774700886494,746.37,229.77,1,1,0,2003,5414.5197098485,249998736,0,3.42,3.42,1.17,11.25,10.08,946,0.5,-0.466492809229382,0.665027262186573,0.805234067210844,0.159044024699233,-0.132470889868366,0.243545989115257,-0.237877084015062,-0.33459820052571,-0.212619414964987,-0.399319505813457,-0.295423487319261,0.16795678111666,0.18911202134228,1
"X100",1501080035,100,49693187,1796.042,0.8247962,9451.357,6539.25998918989,0.5,0.9342329,0.7312262,8905.3388104731,851,54.7662362308826,326.34,0,0,0,0,2003,8905.3388104731,0,0.27,0,0.27,5.94,7.65,1.71,851,0.5,-0.346099531092926,1.80721908849503,0.487218605101776,1.11541054848614,1.50191651106522,0.96766760980222,-0.569467145397172,-0.49628041045481,-0.212619414964987,-0.416810766935494,-0.305109020318297,0.136133483110364,0.112569674799905,0.566037735849057
"X101",1501080036,101,64292047,1633.223,0.8319777,11523.2,10451.4985033087,0.5,0.852109,0.8598368,11322.2559693704,1471,55.045230662028,624.69,326.7,0,0,2.865817995025,2003,11322.2559693704,0,1.08,3.15,4.23,8.46,20.7,12.24,1471,0.5,-0.240430925963842,1.46284643496527,0.520708717019615,1.68885111083116,1.22144765941233,1.38131621710189,-0.333936600404308,-0.266391486818839,-0.199206370205645,-0.302657273296932,-0.269998963196792,0.142228996460645,0.140627187271588,0.566037735849057
"X103",1501090001,103,12124310,1311.716,0.8186609,2871.405,1350.88549966654,0.2777778,0.1791122,0.1700564,2586.30759368748,1613,55.1780232111613,809.19,15.39,0,0,0,2003,2586.30759368748,0,0,1.26,1.26,0,2.7,2.7,1613,0.2777778,-0.618028354909043,0.782838458510475,0.458607328397812,-0.705775407729284,-1.07696534413562,-0.837215550906413,-0.188284227180968,-0.485450932233942,-0.212619414964987,-0.276512440882939,-0.318426628191971,0.130540525624898,0.157429128408338,0.566037735849057
"X107",1501090012,107,19329886,1413.492,0.7647607,5737.355,5559.58011097161,0.05555556,0.7451108,0.5249115,5704.02220830718,1200,55.1791567595109,484.11,12.87,0,0,0,2003,5704.02220830718,0,0,0.09,0.09,3.51,3.87,0.36,1200,0.05555556,-0.56587338081712,0.998101242249751,0.207249850100259,0.0874565020499347,0.856028307884618,0.30410031192437,-0.444916603806677,-0.487224180129756,-0.212619414964987,-0.352553397129272,-0.315278829967284,0.184666512629904,0.157571018431996,1.13207547169811
"X112",1501090021,112,8080173,1725.879,0.5789591,7335.75,2526.54751682568,0.2777778,0.2981166,0.3581857,6434.02453440482,746,55.1811308288574,510.75,55.8,1,1,0,2003,6434.02453440482,249999025,0,0.27,0.27,0,1.26,1.26,746,0.2777778,-0.647300388187046,1.65881983232955,-0.659214868762579,0.529857073738748,-0.670542519481149,-0.232137719551442,-0.42388582211199,-0.457015635618914,-0.212619414964987,-0.436143213438799,-0.322300841391585,0.067909001138829,0.0881990115512861,1
"X113",1501090022,113,16973890,2046.472,0.7198219,8069.499,3689.24857245106,0.05555556,0.5538356,0.4581456,7248.20204483457,1075,55.1810496280068,744.39,14.31,0,0,0,2003,7248.20204483457,0,0.27,0.27,0.54,2.34,4.41,2.07,1075,0.05555556,-0.582926411739377,2.33689464001825,-0.00231715420989396,0.732942654634644,0.202786855716889,0.0893620123587907,-0.239440182654532,-0.486210895617862,-0.212619414964987,-0.375568214395111,-0.313826000017429,0.088304679811868,0.0939106577404756,0.566037735849057
"X117",1501090026,117,50514046,2088.211,0.7836884,9681.158,7766.70323779027,0.2777778,0.8697178,0.7320958,9322.19773208567,1104,55.1607299943404,642.06,0,0,0,0,2003,9322.19773208567,0,2.79,0,2.79,15.21,15.66,0.450000000000001,1104,0.2777778,-0.34015803802171,2.42517530864832,0.295517035416317,1.1790144097186,1.28158508487538,0.970464493021082,-0.320223962339867,-0.49628041045481,-0.212619414964987,-0.370228776789436,-0.283558709395442,0.118434939657428,0.107963388114766,0.566037735849057
"X118",1501090028,118,35143517,1798.222,0.6593249,8591.195,7040.34646451106,0.3333333,0.6459817,0.6555089,8300.41089959582,1340,55.1803391411191,1020.69,78.03,0,0,0,2003,8300.41089959582,0,0,1.35,1.35,1.17,14.31,13.14,1340,0.3333333,-0.451412092072927,1.81182992865924,-0.284438062194783,0.877336630246283,0.5174834404053,0.724139038335395,-0.0213168725103107,-0.441373055966549,-0.212619414964987,-0.326776801791532,-0.28719078427008,0.141480027996266,0.153037378640823,1.13207547169811
"X119",1501090029,119,25416228,1517.757,0.7369763,7657.966,6943.05268559573,0.1111111,0.6646953,0.5593725,7523.9197535492,1460,55.1797443521434,832.23,23.22,1,1,0,2003,7523.9197535492,249997274,0.18,0.9,1.08,7.29,10.71,3.42,1460,0.1111111,-0.521819580076612,1.21862842102054,0.0776804473891271,0.619039373863112,0.581393969524005,0.414936779961639,-0.17009544301259,-0.479941197700518,-0.212619414964987,-0.304682577216326,-0.296876317269116,0.160427866077662,0.155327216762999,1
"X123",1501090033,123,5419063,1435.38,0.289819,9132.445,878.044714430483,0.2222222,0.3283508,0.00431822,7584.74494645572,2308,55.1816384887695,362.52,0,1,0,0,2003,7584.74494645572,114253800,0,0.09,0.09,0.81,2.07,1.26,2308,0.2222222,-0.666561877220783,1.04439576954976,-2.00758697889765,1.02714272287456,-0.567286934266079,-1.3702771129657,-0.540905070257766,-0.49628041045481,-0.212619414964987,-0.148550056884873,-0.320121596466802,0.0415020150971314,0.0405335498043517,1
"X125",1501090038,125,7655059,1455.239,0.2176623,7402.997,1508.88664935158,0.2777778,0.09101599,0.02634055,6297.85130925342,918,55.1812524795532,669.69,25.74,0,0,0,2003,6297.85130925342,0,0,0,0,0,2.07,2.07,918,0.2777778,-0.650377423202167,1.08639883139418,-2.34408157732721,0.548469563920685,-1.3778307786032,-1.29944697817126,-0.298411631325445,-0.478167949804703,-0.212619414964987,-0.404474824881005,-0.320121596466802,0.0465591724368576,0.0609436069147022,0.566037735849057
"X126",1501090039,126,23491281,1798.004,0.8177778,9754.444,3419.09162463046,0.2777778,0.8939847,0.4918774,8566.56542961821,1422,52.186669254303,245.25,0,0,0,0,2003,8566.56542961821,0,1.26,0,1.26,7.65,9,1.35,1422,0.2777778,-0.535752617617723,1.81136884464282,0.454489091562243,1.19929836224397,1.36446119738557,0.197853163879046,-0.633483139677283,-0.49628041045481,-0.212619414964987,-0.311679081665141,-0.301476945443658,0.0962474910143029,0.0701039613697347,0.566037735849057
"X132",1502010015,132,126653604,1630.471,0.8656984,5362.188,5739.61457276167,0.1666667,0.4246845,0.8231269,5432.95548239281,1846,34.2387267252604,945.63,3760.83,0,0,1.34727771255,2003,5432.95548239281,0,0,0.63,0.63,0,22.32,22.32,1846,0.1666667,0.210950808080316,1.45702577802404,0.677961382472216,-0.0163814699649783,-0.238288893324595,1.2632466411174,-0.0805725209338548,2.15010208320257,-0.206313677373462,-0.233612821499415,-0.265640473347226,0.187043388511493,0.265676889098567,1.69811320754717
"X133",1502010016,133,26480307,1270.865,0.747289,1255.667,1392.930122057,0.3888889,0.06611823,0.3462964,1281.40383538569,866,34.2139991521835,995.31,735.39,1,1,0,2003,1281.40383538569,249982666,0,0.9,0.9,0,7.11,7.11,866,0.3888889,-0.514117626384533,0.696435966974816,0.125772555886668,-1.15297614027621,-1.46286139887245,-0.270377121177497,-0.0413529550707897,0.0211913237131005,-0.212619414964987,-0.414048988863594,-0.306561850268152,0.173133607565488,0.253735346371294,1
"X134",1502010017,134,77609282,1296.294,0.5108081,2435.553,1455.18386675593,0.3888889,0.2413605,0.3543812,2251.73378751674,2249,34.0224408653345,2894.31,1892.7,1,1,4.168588559425,2003,2251.73378751674,249993540,0,0.81,0.81,6.3,59.49,53.19,2249,0.3888889,-0.144038903119166,0.750219936945203,-0.977029338902886,-0.826409652688579,-0.864375474215358,-0.244374083633964,1.45780074005724,0.835555419865978,-0.193108941854722,-0.159413050634349,-0.165637345132181,0.367425666803494,0.443799073140295,1
"X135",1502010018,135,52274432,1596.181,0.6346465,5452.093,2017.78086377001,0.5555556,0.6149489,0.8047798,4808.15947445688,403,34.2169363276164,824.04,1186.38,1,1,0.2665996032,2003,4808.15947445688,249896096,0,5.94,5.94,0,30.78,30.78,403,0.5555556,-0.327416116179267,1.38450022333119,-0.399522985672216,0.0085022561463288,0.411500483195841,1.20423710097851,-0.176560987384943,0.338539366781929,-0.211371634255691,-0.499295872016262,-0.242879470799491,0.193798680198232,0.229246127449486,1
"X136",1502010019,136,99149290,1353.17,0.8248248,2324.917,4129.00837206093,0.7777778,0.9289332,0.9078919,2663.18413226143,117,34.2132580066549,611.01,91.35,0,0,0,2003,2663.18413226143,0,0,0.99,0.99,0.63,14.31,13.68,117,0.7777778,0.011870708989541,0.870516333816323,0.487351977962717,-0.857031263522799,1.48381702025798,1.53587521292841,-0.344736191004282,-0.432000174231529,-0.212619414964987,-0.551953773920502,-0.28719078427008,0.401540024840329,0.364731885596707,0.566037735849057
"X137",1502010020,137,69882033,1296.82,0.8723133,2498.025,2947.96497914441,0.6111111,0.7655021,0.8007495,2582.38874608958,328,32.8578899848892,880.92,765.27,1,1,0,2003,2582.38874608958,242749430,0.09,0.18,0.27,1.62,4.95,3.33,328,0.6111111,-0.199969819869865,0.751332460764638,0.708809219459657,-0.809118777457773,0.92566850391415,1.19127449928005,-0.13165742646926,0.0422169773349028,-0.212619414964987,-0.513104762375766,-0.312373170067573,0.393790467335856,0.384244708785294,1
"X138",1502010021,138,208019927,1296.595,0.9268164,4629.899,4590.16476666525,0.6111111,0.965989,0.8716356,4622.44883124973,215,34.1928890132904,684.45,23.04,0,0,0,2003,4622.44883124973,0,11.07,3.96,15.03,33.75,47.88,14.13,215,0.6111111,0.799891715513673,0.75085657129815,0.962978253626495,-0.219062954980528,1.61036967634323,1.4192645447499,-0.286759441467577,-0.480067858264504,-0.212619414964987,-0.533910157184084,-0.196873189054071,0.325871333206432,0.28167584610642,1.13207547169811
"X139",1502010022,139,223834287,992.2898,0.916284,4354.11,4455.79760113902,0.7777778,0.9679435,0.9517826,4373.17642521357,315,34.2413798606757,315.72,401.85,0,0,0,2003,4373.17642521357,0,1.35,0.54,1.89,11.7,14.76,3.06,315,0.7777778,0.914358280862556,0.107231507841764,0.913861599060814,-0.295395282887889,1.61704466828291,1.67704030296304,-0.577851038099783,-0.213510701354367,-0.212619414964987,-0.515498303371413,-0.285980092645201,0.3864576177267,0.341936034287079,1.13207547169811
"X144",1502050001,144,54158903,790.6982,0.9501604,4486.369,9956.53043440767,0.2777778,0.8674322,0.8816745,5512.02426895144,467,36.5074099222819,437.49,90.09,1,0,0.02437150635,2003,5512.02426895144,124998225,0,2.79,2.79,0,5.85,5.85,467,0.2777778,-0.313776049627755,-0.319147687591881,1.0718403538298,-0.258788901354544,1.27377932300414,1.45155252881825,-0.481720471772379,-0.432886798179436,-0.212505347670381,-0.487512285576152,-0.309951786817814,0.405931519788761,0.372754449807195,1
"X145",1502050002,145,37223032,547.2197,0.8958872,913.3034,4420.68118296795,0.2222222,0.6812302,0.8196523,1570.93673430649,479,36.3501590817474,533.16,631.35,1,1,0,2003,1570.93673430649,249958763,0,1.98,1.98,1.17,5.4,4.23,479,0.2222222,-0.4363602695748,-0.834120369664898,0.818743432275912,-1.24773485283815,0.63786382075118,1.25207133013275,-0.406194387510716,-0.0520184822712471,-0.212619414964987,-0.485302863118632,-0.311162478442694,0.488460778760235,0.489602599820645,1
"X146",1502050004,146,92912461,451.3463,0.8288473,5403.009,1801.69595731441,0.3333333,0.7161564,0.7693395,4727.76280449645,441,34.7630642081207,1083.15,1304.28,0,0,0,2003,4727.76280449645,0,0,2.25,2.25,5.85,18.81,12.96,441,0.3333333,-0.0332723378551183,-1.03689877489353,0.506110451149308,-0.00508311521730387,0.75714348485139,1.09025092303297,0.0279917845711516,0.421502036193257,-0.212619414964987,-0.492299367567447,-0.275083868021285,0.448653670223027,0.437839371352689,1.69811320754717
"X148",1502050007,148,66631426,801.1323,0.957264,5220.514,11439.2003476749,0.2222222,0.8104841,0.8766411,6386.51769018905,987,34.2278002652255,67.95,406.26,0,0,0.5626191032875,2003,6386.51769018905,0,0,1.71,1.71,0,6.66,6.66,987,0.2222222,-0.223498171228317,-0.297078895226157,1.10496718792011,-0.0555937163705544,1.07929065148691,1.43536366957972,-0.773451517848005,-0.210407517536691,-0.209986157993345,-0.391770645750261,-0.307772541893031,0.308042590551333,0.293379816950113,0.566037735849057
"X150",1502050011,150,108214697,456.0678,0.9241164,2179.249,3940.66561988566,0.4444444,0.1814969,0.5471933,2509.51461622856,581,34.2283730957031,423.72,3645.36,0,0,43.196601674975,2003,2509.51461622856,0,0,7.47,7.47,0.09,65.7,65.61,581,0.4444444,0.0774874018420951,-1.0269124988223,0.950387109411754,-0.897348961261322,-1.06882113677897,0.375764976719728,-0.492591112310511,2.06884933140507,-0.0104439967340585,-0.466522772229707,-0.148929800708844,0.26248129247047,0.350593021053799,0.566037735849057
"X152",1502061002,152,100948516,584.8063,0.9416648,2524.338,10804.3267467076,0.4444444,0.1019038,0.6740381,4076.83589000767,1708,34.2302355133327,87.93,4677.03,1,1,0,2003,4076.83589000767,249979982,0,4.68,4.68,0,52.2,52.2,1708,0.4444444,0.0248937602231292,-0.754622294015485,1.03222208538878,-0.801835917937537,-1.34064682158564,0.783734264346137,-0.757678431576989,2.79480435389518,-0.212619414964987,-0.259021179760901,-0.185250549455228,0.152838694708169,0.255566096905812,1
"X155",1503010007,155,155672536,515.2376,0.9445922,5940.047,5526.6485146124,0.6111111,0.001052303,0.8858598,5862.53478398982,1040,25.2196115483237,0,1860.21,0,0,0,2003,5862.53478398982,0,0,0.99,0.99,0,29.34,29.34,1040,0.6111111,0.42099392560975,-0.901764567470155,1.04587368374961,0.143557188473972,-1.68507400479375,1.46501365500949,-0.827094221157088,0.812693188066367,-0.212619414964987,-0.382012363229546,-0.246753683999106,0.132315939912591,0.280290684486983,0.566037735849057
"X164",1605030001,164,276958060,879.1256,0.8992811,9269.568,9322.30686305789,0.6666667,0.9624262,0.9184206,9279.45653682335,949,35.1217530141977,1017.63,28.98,1,0,3.782208506875,2003,9279.45653682335,1.25e+08,5.67,0.81,6.48,105.75,128.88,23.13,949,0.6666667,1.2988756330465,-0.132118051107578,0.834570500553842,1.06509535260105,1.59820203178825,1.56973853439395,-0.0237325704076735,-0.475888059652941,-0.194917337554647,-0.398767150199077,0.0210513034242352,0.240414048622198,0.215432894799167,1
"X165",1605030002,165,31685764,243.2799,0.6874396,3316.765,3222.93229960081,0.6111111,0.6678407,0.4898313,3299.17136867515,693,34.2724005780901,1054.44,0,1,0,0.2019967455,2003,3299.17136867515,1.25e+08,0.09,1.26,1.35,33.3,57.15,23.85,693,0.6111111,-0.476439795358725,-1.47697258862771,-0.153328342841381,-0.582509557543735,0.592136113114226,0.191272318945613,0.00532685429883676,-0.49628041045481,-0.211673998545195,-0.445901495959515,-0.171932941581554,0.389970957611288,0.342224687885771,1
"X166",1605030003,166,143778878,691.6385,0.7916742,8817.839,7161.54846626327,0.3333333,0.8435554,0.7005301,8507.28452492436,1494,34.3566144977501,2014.56,0,1,0,0,2003,8507.28452492436,1.25e+08,2.07,1.8,3.87,119.43,201.15,81.72,1494,0.3333333,0.334905953621363,-0.528665322185278,0.332757909294125,0.940066703331997,1.19223547672863,0.868940140880286,0.763287594565464,-0.49628041045481,-0.212619414964987,-0.298422546920018,0.21548837837988,0.241641306126002,0.217396201589651,1
"X167",1605030004,167,10968868,173.8956,0.5272354,1203.689,1111.85943294835,0.6111111,0.0195242,0.0007383101,1186.47095617782,1092,34.2717654091971,1039.86,0,1,0,0,2003,1186.47095617782,1.25e+08,0,0,0,0,15.66,15.66,1092,0.6111111,-0.62639160686485,-1.62372484422629,-0.900422485807027,-1.16736250717253,-1.62198893772509,-1.38179113081798,-0.00618323568271508,-0.49628041045481,-0.212619414964987,-0.372438199246957,-0.283558709395442,0.221190904041584,0.258317561221547,1
"X168",1605030005,168,14717689,167.4706,0.5273617,1341.912,1419.44662454779,0.5555556,0.00868236,0,1356.44974210271,3388,34.2721105475175,1135.26,0,1,0,0,2003,1356.44974210271,124513610,0,0.09,0.09,1.17,25.02,23.85,3388,0.5555556,-0.599257112394143,-1.6373141323249,-0.899833500060982,-1.12910542164577,-1.6590158983858,-1.38416574803165,0.0691296987644752,-0.49628041045481,-0.212619414964987,0.050297964291977,-0.258376323597949,0.211804036246856,0.250563499104659,1
"X172",1605030010,172,196772962,589.7858,0.6997041,9774.471,7507.2972596027,0.6111111,0.8318187,0.5611683,9349.37592367551,907,129.537425024468,2895.75,140.94,0,0,0,2003,9349.37592367551,0,3.6,0.18,3.78,171.18,259.65,88.47,907,0.6111111,0.71848459855484,-0.744090331356019,-0.0961342360926052,1.20484139525472,1.1521523977322,0.420712588246405,1.45893753906777,-0.397105188853176,-0.212619414964987,-0.406500128800398,0.372878289614212,0.252618943818793,0.217114080128242,0.566037735849057
"X174",1605030015,174,200731108,635.6799,0.7578561,8093.45,7249.93372503225,0.4444444,0.7478925,0.7291043,7935.29069844355,2958,34.274987928971,2619.81,265.05,1,0,0,2003,7935.29069844355,1.25e+08,1.53,3.24,4.77,42.21,221.22,179.01,2958,0.4444444,0.747134216861836,-0.647021359071702,0.175051029972443,0.73957176451832,0.865528346297831,0.960842970310381,1.24109842867618,-0.309772729984305,-0.212619414964987,-0.0288730071025096,0.269485224849504,0.299154494647312,0.300160862525046,1
"X176",1613010001,176,32486964,256.6965,0.6943037,4334.316,3602.9193157783,0.3888889,0.4420537,0.3859212,4197.17912170843,1409,34.2766393612593,1212.12,47.34,0,0,0,2003,4197.17912170843,0,1.53,0.45,1.98,33.39,92.07,58.68,1409,0.3888889,-0.470640596898748,-1.44859561700064,-0.121318389876787,-0.30087382662458,-0.178969747763688,-0.142932390070357,0.129806345951174,-0.462968682126292,-0.212619414964987,-0.314072622660788,-0.0779832714909062,0.256380401822891,0.259920611482117,2.26415094339623
"X177",1613010003,177,207072437,628.0959,0.8615306,13140.26,9554.84151367703,0.4444444,0.8640036,0.8602616,12467.9940338144,1150,34.2911878078799,2215.26,340.02,0,0,0,2003,12467.9940338144,0,2.61,0.99,3.6,64.44,158.22,93.78,1150,0.4444444,0.793033649426749,-0.663062006688809,0.658525319191402,2.13641774389439,1.26206999715896,1.38268249584082,0.921728956657195,-0.257018605083819,-0.212619414964987,-0.361759324035607,0.0999883973663773,0.272525773974675,0.265472939594096,0.566037735849057
"X179",1613010010,179,154579817,231.8861,0.4914642,6329.614,6400.296842064,0.4444444,0.1006533,0.4832604,6342.867032887,1389,34.2818347391875,0,2677.41,0,0,28.0881188727562,2003,6342.867032887,0,0,4.68,4.68,0.27,237.6,237.33,1389,0.4444444,0.413084671563335,-1.50107120819783,-1.06723742578271,0.251380763692298,-1.34491751865424,0.170138418367391,-0.827094221157088,1.38773214856626,-0.0811570554222601,-0.317754993423323,0.313554399995118,0.0425984706241119,0.0727196909174193,0.566037735849057
"X180",1613070001,180,205063184,736.2435,0.8288361,8476.789,12129.5490033464,0.5555556,0.9275607,0.5975747,9161.68150062745,1471,34.2691382105949,1285.11,204.39,1,0,0,2003,9161.68150062745,48350260,42.39,0,42.39,221.76,269.19,47.43,1471,0.5555556,0.778490393181985,-0.434322879284295,0.506058221217751,0.84567156635117,1.47912966981683,0.537806021111151,0.18742784579709,-0.352457340047843,-0.212619414964987,-0.302657273296932,0.398544952061657,0.115895853935778,0.088683481495226,1
"X181",1613070002,181,419363986,1050.876,0.9021608,11789.48,11379.009995367,0.6111111,0.9128103,0.7693813,11712.5168741313,2266,34.1022061302548,2605.77,1073.79,1,0,0,2003,11712.5168741313,76816390,30.87,12.33,43.2,109.71,157.59,47.88,2266,0.6111111,2.32962978525672,0.231145087671055,0.847999655366875,1.76255155673426,1.42875422796104,1.09038536383167,1.23001463832357,0.25931318400821,-0.212619414964987,-0.156283035486195,0.0982934290915461,0.291081758285613,0.262906226764066,1
"X182",1613070003,182,20778567,232.1332,0.614282,1386.342,985.962859090103,0.7777778,0.359735,0.02784514,1311.27091107939,2050,34.0794409484863,1297.8,34.29,1,0,0,2003,1311.27091107939,1.25e+08,28.08,4.14,32.22,34.2,49.68,15.48,2050,0.7777778,-0.555387623672589,-1.50054857581041,-0.494490525065215,-1.11680817509524,-0.460103878736023,-1.29460778483838,0.197445887077329,-0.472151573015332,-0.212619414964987,-0.196052639721565,-0.192030422554553,0.292066896901664,0.255515026350944,1
"X184",1613070005,184,125694044,500.3916,0.7759916,9297.67,9984.88371443069,0.6111111,0.7003817,0.5580554,9426.52257145575,640,34.2827406514486,2809.35,605.52,0,0,2.18550519005,2003,9426.52257145575,0,4.32,20.16,24.48,72.09,172.71,100.62,640,0.6111111,0.204005377633167,-0.933164812001217,0.259623880308161,1.07287336796372,0.703269862261999,0.410700608287808,1.39072959843635,-0.0701942732033472,-0.202390475448659,-0.455659778480231,0.138972667687497,0.34852004702685,0.329636564097118,1.13207547169811
"X185",1613070006,185,450175631,791.0844,0.8463845,11629.78,10020.5032665395,0.1666667,0.7294115,0.7599259,11328.0406124762,6196,34.409926553774,797.94,1818.81,0,0,267.255204136231,2003,11328.0406124762,0,0.09,95.67,95.76,0.81,468.54,467.73,6196,0.1666667,2.55264881200829,-0.318330849760957,0.587893197194775,1.71835011009642,0.802412190740227,1.05997408325712,-0.197165469450684,0.783561258349412,1.03822973926228,0.567302819351788,0.934881341883266,0.165675117174183,0.164170440631781,0.566037735849057
"X186",1674010001,186,13457586,224.2702,0.567309,3462.191,1715.27089386007,0.1111111,0.764084,0,3134.64348009876,932,237.446308186849,314.01,0,0,0,0,2003,3134.64348009876,0,0.45,0.72,1.17,13.77,14.58,0.81,932,0.1111111,-0.608377915410884,-1.51717932636596,-0.713543790694489,-0.54225884008127,0.920825420737036,-1.38416574803165,-0.57920098692478,-0.49628041045481,-0.212619414964987,-0.401897165347231,-0.286464369295153,0.249497869465166,0.140218126039206,0.566037735849057
"X195",1702030041,195,56756844,836.7698,0.7370507,6835.786,3116.16128374948,0.2777778,0.5602239,0.1064322,6138.35636570303,1556,134.741522216797,1315.26,8.1,1,0,0,2003,6138.35636570303,117533815,0,2.52,2.52,2.97,42.75,39.78,1556,0.2777778,-0.294971786714236,-0.221703291395111,0.0780274033630441,0.391478037628259,0.224604124076211,-1.04184924144635,0.211229575079928,-0.490580685075406,-0.212619414964987,-0.287007197556162,-0.210675073577697,0.18208176474342,0.142107495241678,1
"X199",1702031013,199,7002601,829.4006,0.7678755,2538.521,2220.39818023992,0.4444444,0.59375,0,2478.87297129498,2108,134.733706665039,287.64,0.45,0,0,0,2003,2478.87297129498,0,0,0.36,0.36,8.91,9.81,0.899999999999999,2108,0.4444444,-0.655100006113799,-0.237289623201544,0.221775367137324,-0.797910375560176,0.339102178447716,-1.38416574803165,-0.600018618804994,-0.495963759044843,-0.212619414964987,-0.185373764510216,-0.299297700518875,0.169436020621428,0.113336680202299,0.566037735849057
"X200",1702031014,200,13356108,913.2876,0.7768645,1951.843,1920.80676149957,0.2777778,0.496463,0,1946.02370528117,943,134.731763458252,492.48,0,1,0,0.16010634465,2003,1946.02370528117,114457450,0.9,1.71,2.61,24.48,28.62,4.14,943,0.2777778,-0.609112427469448,-0.0598632246445497,0.26369455059892,-0.960289939183216,0.00684843537468912,-1.38416574803165,-0.438308959558008,-0.49628041045481,-0.211870060480238,-0.399871861427837,-0.248690790598913,0.160999936695698,0.120837968550279,1
"X203",1702041014,203,7557621,1000.63,0.5504587,2141.016,1793.52520172454,0.2777778,0.4607411,0,2075.86147532335,733,121.347129058838,404.01,0,0,0,0,2003,2075.86147532335,0,4.5,0,4.5,16.38,16.38,0,733,0.2777778,-0.651082693171642,0.124871567079131,-0.792123256383991,-0.907931014544383,-0.115148696664333,-1.38416574803165,-0.508151048767054,-0.49628041045481,-0.212619414964987,-0.438536754434447,-0.281621602795635,0.137795185707912,0.108041447488617,0.566037735849057
"X206",1702041017,206,41302018,1059.933,0.6620264,7421.951,6893.56967850536,0.2777778,0.8615341,0.6728101,7322.87950221975,812,131.717130077129,569.7,0,1,0,0,2003,7322.87950221975,0,0,0,0,11.7,11.97,0.270000000000001,812,0.2777778,-0.406835994325837,0.25030122499544,-0.271839922899922,0.553715614137177,1.25363618155648,0.779784663848479,-0.377348112618679,-0.49628041045481,-0.212619414964987,-0.423991389922436,-0.293486380719454,0.240623372506333,0.200362654094704,1
"X207",1702041019,207,23367465,914.2989,0.6123526,4005.116,3454.96490751886,0.2777778,0.646567,0.1118517,3901.96267015979,2560,134.742339501014,810.9,6.66,1,0,0,2003,3901.96267015979,120157740,2.79,0,2.79,17.91,20.25,2.34,2560,0.2777778,-0.5366488152669,-0.0577242601225059,-0.503488063453334,-0.391989144302599,0.519482352036049,-1.02441857377774,-0.186934278355972,-0.4915939695873,-0.212619414964987,-0.102152185276942,-0.271209654821671,0.198303613884897,0.139790355939486,1
"X208",1702041020,208,24983734,838.5581,0.6215729,2793.129,1879.17026881344,0.2777778,0.05270743,0,2621.76173790252,1751,134.738244839372,1909.17,2.7,0,0,0.026545217375,2003,2621.76173790252,0,0,0.18,0.18,14.13,27.81,13.68,1751,0.2777778,-0.524950032571307,-0.217920921915461,-0.460490238637342,-0.727440482475835,-1.50866185009002,-1.38416574803165,0.680088116982767,-0.494380501995008,-0.212495173931741,-0.251104082621453,-0.250870035523696,0.21040273029744,0.251566206675811,2.26415094339623
"X210",1702042004,210,28880324,1100.223,0.7450681,7528.748,5430.5593303499,0.2777778,0.7445695,0.5737526,7135.33762444061,839,134.741616439819,419.22,7.56,0,0,1.073806546725,2003,7135.33762444061,0,0,0.18,0.18,0.81,4.23,3.42,839,0.2777778,-0.496745965263316,0.335517165461321,0.115415640262032,0.583274674228488,0.854179664683313,0.461187309372356,-0.496143609218398,-0.490960666767366,-0.207593619433275,-0.419020189393015,-0.314310276667381,0.189401255213566,0.165058659242575,0.566037735849057
"X211",1702042005,211,13750384,870.679,0.6155356,4888.857,2567.53431183015,0.1111111,0.2232184,0.001112493,4453.60899596815,803,134.737712860107,699.21,1.89,0,0,0.6938787526,2003,4453.60899596815,0,0,0.27,0.27,2.52,6.66,4.14,803,0.1111111,-0.606258602242281,-0.149983153185987,-0.488644503440178,-0.147389077595156,-0.926334221347094,-1.3805876512023,-0.27510725160971,-0.494950474532949,-0.209371816275071,-0.425648456765577,-0.307772541893031,0.113305661485315,0.115623759423566,0.566037735849057
"X212",1702042006,212,25617512,1256.97,0.7749227,7211.079,4210.57294746969,0.1111111,0.6375844,0.538667,6648.48411515057,2292,132.743021269767,498.15,44.91,0,0,1.5838026794,2003,6648.48411515057,0,0,0.9,0.9,0.09,9.9,9.81,2292,0.1111111,-0.520362658131008,0.66704714858878,0.254639186215148,0.495350883671201,0.488805052165277,0.348341948443527,-0.433832813454072,-0.464678599740113,-0.205206656630146,-0.151495953494901,-0.299055562193899,0.156074720057619,0.149575566885256,1.13207547169811
"X213",1702042009,213,30995409,1347.105,0.7875497,6509.759,3510.02464860435,0.3333333,0.6944049,0.578032,5947.30880911332,2931,133.192900992729,728.28,0,0,0,1.476156353625,2003,5947.30880911332,0,0.09,0,0.09,1.53,2.25,0.72,2931,0.3333333,-0.481436682094668,0.857688468864087,0.313523770659421,0.301240936544991,0.682857945237126,0.474951088175022,-0.252158121584765,-0.49628041045481,-0.205710479618314,-0.0338442076319309,-0.31963731981685,0.203014226916524,0.18859895167207,0.566037735849057
"X217",1702050010,217,6174849,693.7718,0.8113428,993.8539,916.776519173538,0.1666667,0.06852311,0,979.401891095038,985,48.4458331516811,572.85,0,0,0,0,2003,979.401891095038,0,0,0.9,0.9,1.26,7.11,5.85,985,0.1666667,-0.661091391689989,-0.524153255523678,0.424480197850443,-1.22544024653006,-1.45464827294975,-1.38416574803165,-0.374861364783158,-0.49628041045481,-0.212619414964987,-0.392138882826515,-0.306561850268152,0.150810118706573,0.173455422410235,0.566037735849057
"X220",1702051001,220,30253988,1120.318,0.7731762,2650.388,2545.48226192669,0.5,0.4805724,0.1701476,2630.71817411125,2804,52.3055303272448,778.68,0,0,0,0,2003,2630.71817411125,0,7.83,0.539999999999999,8.37,23.04,23.85,0.809999999999999,2804,0.5,-0.486803191731955,0.378019382479486,0.246494581262909,-0.766948051007664,-0.0474210079186208,-0.836922225527433,-0.212370156216438,-0.49628041045481,-0.212619414964987,-0.0572272619740235,-0.261524121822635,0.176319059540779,0.15343530543955,0.566037735849057
"X223",1702051004,223,23951286,1188.705,0.8778399,8278.584,4785.88526826509,0.2777778,0.730632,0.4946111,7623.7029877997,1015,47.9476808618616,640.35,3.51,1,0,0,2003,7623.7029877997,124993850,6.66,0.18,6.84,18.36,20.7,2.34,1015,0.2777778,-0.532423036629728,0.522662284456158,0.734581892651209,0.790812782814196,0.806580432061479,0.206645527788204,-0.321573911164864,-0.493810529457068,-0.212619414964987,-0.386615326682713,-0.269998963196792,0.166244811015075,0.141056504168119,1
"X224",1702051005,224,33568867,1169.713,0.9189595,10030.67,3310.06117220322,0.3333333,0.6952266,0.3049343,8770.5558447881,1205,48.3282006483812,1021.32,0,0,0,0,2003,8770.5558447881,0,4.5,0.36,4.86,15.75,22.14,6.39,1205,0.3333333,-0.462809630583914,0.482492983355935,0.926338490300273,1.27575164213743,0.685664208156972,-0.403409507776966,-0.0208195229432066,-0.49628041045481,-0.212619414964987,-0.351632804438638,-0.266124749997177,0.147095288111198,0.115142030258274,0.566037735849057
"X226",1702051007,226,302095976,1279.712,0.9035096,11928.95,6225.09253672431,0.5,0.8309489,0.5768449,10859.4767256358,1808,48.3288062704485,5014.17,70.92,0,0,0,2003,10859.4767256358,0,14.67,10.98,25.65,68.31,119.52,51.21,1808,0.5,1.48082741007376,0.715147940797146,0.854289631410151,1.80115378442732,1.14918186409744,0.471133033817718,3.13131098342434,-0.446376148244026,-0.212619414964987,-0.24060932594823,-0.00413108237325793,0.633879113373991,0.59503331415617,0.849056603773585
"X228",1702052008,228,11152724,944.3523,0.7210522,4555.054,3247.52293369093,0.1666667,0.5455499,0.3235698,4309.89192506705,1935,48.4516293661935,414.63,0.36,0,0,0,2003,4309.89192506705,0,1.44,0,1.44,1.71,2.43,0.72,1935,0.1666667,-0.625060831238218,0.00584061317601208,0.00342021050395654,-0.239778404408266,0.174489602856998,-0.343472390452787,-0.499767156064442,-0.496027089326836,-0.212619414964987,-0.217226271606137,-0.319153043166898,0.178502139672005,0.158801451114656,0.566037735849057
"X230",1702052010,230,9372534,1019.186,0.7071929,4353.514,3139.50412918044,0.1666667,0.5148372,0.4187074,4125.88714922133,1063,48.4520336914062,298.17,18.81,0,0,0,2003,4125.88714922133,0,0,0.36,0.36,0,2.07,2.07,1063,0.1666667,-0.637946097222325,0.164118700146515,-0.0612110654276595,-0.29556024257603,0.0695998484717362,-0.03748255958478,-0.59170577604054,-0.483044381518193,-0.212619414964987,-0.377777636852631,-0.320121596466802,0.171994275667406,0.16846180988384,0.566037735849057
"X231",1702052012,231,17617711,1081.968,0.6510441,4859.113,2960.48013988017,0.3333333,0.5857456,0.4178282,4503.11933872753,1066,48.4524424598331,550.26,4.86,1,0,0,2003,4503.11933872753,124997195,0.45,0.09,0.54,1.62,3.06,1.44,1066,0.3333333,-0.578266344650384,0.296906666746884,-0.323054635162719,-0.155621562434205,0.311765618978787,-0.0403103191593242,-0.392694899260748,-0.492860575227167,-0.212619414964987,-0.377225281238251,-0.317458074892067,0.192491937935517,0.177174695406642,1
"X232",1702060021,232,24065858,1249.097,0.8408691,6684.507,2345.09315647482,0.1666667,0.792999,0.6533902,5870.86690433903,882,48.1884769167219,482.58,11.79,0,0,0,2003,5870.86690433903,0,0.45,0.45,0.9,0.63,1.26,0.63,882,0.1666667,-0.531593748354695,0.650395247390272,0.562172753934781,0.349607338530406,1.01957568522208,0.717324690962117,-0.446124452755358,-0.487984143513677,-0.212619414964987,-0.411103092253566,-0.322300841391585,0.223043229798504,0.195802185210954,1.69811320754717
"X233",1702060022,233,9299812,1170.099,0.8832124,7554.696,1579.48277040582,0.3333333,0.865312,0.7573295,6434.34351945109,672,48.448184967041,119.61,0,0,0,0,2003,6434.34351945109,0,0.27,0.18,0.45,0.27,0.45,0.18,672,0.3333333,-0.638472469302214,0.483309398174,0.759635937945171,0.590456509778637,1.26653843381994,1.05162331555995,-0.73266885334547,-0.49628041045481,-0.212619414964987,-0.449767985260176,-0.324480086316368,0.209240325399445,0.180874747889637,0.566037735849057
"X234",1702060023,234,15623034,1099.899,0.8588452,6486.121,1608.35301624533,0.1666667,0.8258016,0.6529273,5571.539503046,1270,48.1601466908174,262.08,0.63,1,0,0,2003,5571.539503046,124970930,0,0.36,0.36,0.54,1.08,0.54,1270,0.1666667,-0.592704097753919,0.334831884629577,0.646002260423155,0.294698458175389,1.13160284848672,0.715835871686575,-0.620196801241789,-0.495837098480856,-0.212619414964987,-0.339665099460402,-0.322785118041537,0.225816806165342,0.189370145409839,1
"X235",1702060024,235,28038643,1097.206,0.8877803,3837.893,2191.13274053746,0.1666667,0.819223,0.5414327,3529.12545135077,1043,48.3475938612415,494.82,5.22,0,0,0,2003,3529.12545135077,0,4.86,0.18,5.04,5.4,5.94,0.54,1043,0.1666667,-0.502838170903596,0.329136016481783,0.78093782226314,-0.43827279183623,1.10913566917006,0.357237233538291,-0.436461661165908,-0.492607254099194,-0.212619414964987,-0.381460007615166,-0.309709648492839,0.288430136197957,0.228571091297352,0.566037735849057
"X238",1702060038,238,80450957,919.0822,0.9044146,2681.776,2864.35698434616,0.2777778,0.8922762,0.5010404,2716.00993456491,778,48.2482488652711,816.21,49.23,0,0,0,2003,2716.00993456491,0,4.59,0.45,5.04,5.31,6.48,1.17,778,0.2777778,-0.12347045918038,-0.0476072730778188,0.858509996415462,-0.758260543136225,1.35862634257414,0.227324002120116,-0.182742332004666,-0.461638746204431,-0.212619414964987,-0.430251420218745,-0.308256818542983,0.409755052728773,0.305680495663864,0.566037735849057
"X239",1702060039,239,196955155,1074.522,0.8989285,4654.781,4217.42456078926,0.3888889,0.9119189,0.8156131,4572.77666764799,1044,47.9820283659573,1619.55,114.03,1,1,0,2003,4572.77666764799,250399930,25.92,6.3,32.22,67.23,90.63,23.4,1044,0.3888889,0.719803337153216,0.281157898002557,0.832926190387132,-0.212176164778631,1.42570992618819,1.23908010347954,0.451449415991202,-0.416040943169197,-0.212619414964987,-0.381275889077039,-0.0818574846905205,0.419655439636492,0.376500205798431,1
"X240",1702060040,240,98720877,1106.483,0.9294596,9807.709,2870.05281212673,0.6666667,1,0.8641245,8506.89846477376,523,48.2069475256878,0,0,0,0,0,2003,8506.89846477376,0,6.75,0,6.75,13.86,13.86,0,523,0.6666667,0.00876979534771096,0.348757467951179,0.975304517474053,1.21404094242659,1.72652375711103,1.39510669108707,-0.827094221157088,-0.49628041045481,-0.212619414964987,-0.477201647441056,-0.28840147589496,0.195741048844971,0.158586522683953,0.566037735849057
"X241",1702060041,241,52663208,1156.927,0.9509281,14525.71,5288.87900417232,0.6111111,1,0.9933169,12793.8041882823,436,47.4257419646732,0,0,1,0,0,2003,12793.8041882823,114948,0.36,0,0.36,4.41,4.41,0,436,0.6111111,-0.324602100726851,0.455449771273613,1.07542043583486,2.51987982432274,1.72652375711103,1.81062653419255,-0.827094221157088,-0.49628041045481,-0.212619414964987,-0.49321996025808,-0.313826000017429,0.143036550620419,0.128181332412214,1
"X245",1703091013,245,72460472,359.5573,0.7903871,2135.919,5835.07533637308,0.1666667,0.8877957,0.8512597,2829.51081306995,882,46.1836969686109,0,781.02,0,0,4.673700444,2003,2829.51081306995,0,0.09,0,0.09,0.09,0.36,0.27,882,0.1666667,-0.18130671517947,-1.2310384115136,0.32675566421309,-0.909341752011591,1.3433245767078,1.35372980144354,-0.827094221157088,0.0532997766837443,-0.190744839065208,-0.411103092253566,-0.324722224641344,0.475897902979809,0.416383888330891,1.13207547169811
"X248",1703091016,248,45299117,361.9463,0.8410847,1210.47,7401.33662870875,0.6111111,0.9528559,0.4033376,2371.25749288289,882,46.1820787537773,64.44,151.47,1,0,0,2003,2371.25749288289,121540000,4.14,0.45,4.59,8.1,8.64,0.54,882,0.6111111,-0.377904428717779,-1.22598552291164,0.563178180117262,-1.16548567555292,1.56551762382694,-0.0869162482890893,-0.776222465436156,-0.389695545859951,-0.212619414964987,-0.411103092253566,-0.302445498743562,0.406995310926184,0.261595819826052,1
"X249",1703091017,249,47448292,528.3378,0.9021281,1918.977,6546.11569637644,0.2222222,0.9090702,0.5240886,2786.56550557058,2108,46.311174092974,307.08,124.11,1,0,0,2003,2786.56550557058,124931275,0.99,9.09,10.08,4.23,28.44,24.21,2108,0.2222222,-0.362348397327088,-0.874056802186186,0.847847162620275,-0.969386524939006,1.41598106993924,0.301453629310753,-0.584671832162925,-0.408947951585938,-0.212619414964987,-0.185373764510216,-0.249175067248865,0.385482226281999,0.27716473854666,1
"X251",1703111002,251,398929322,367.6373,0.6084208,11310.76,5022.29757026046,0.3333333,0.504829,0.454213,10131.6732944238,903,30.168869462922,27.09,4887.54,0,0,560.218940192863,2003,10131.6732944238,0,0.18,101.52,101.7,0.45,971.37,970.92,903,0.3333333,2.18172080872283,-1.21394869200592,-0.521823567462045,1.63005239246081,0.0354199281183131,0.0767136419051369,-0.805708189771613,2.9429338834777,2.40940394202505,-0.407236602952905,2.2877081635236,0.0673980288149532,0.0682795674421096,0.566037735849057
"X253",1703111007,253,181587773,374.4799,0.7099782,3953.475,6363.95596097617,0.5,0.5970358,0.5710172,4405.44018018303,1135,30.1848470302815,54.18,1745.91,0,0,38.5590286729688,2003,4405.44018018303,0,0.09,55.8,55.89,0.36,397.17,396.81,1135,0.5,0.608572061531297,-1.1994761530575,-0.0482221343234674,-0.406282237012838,0.350323814935524,0.452389477775213,-0.784322158386137,0.732263729934775,-0.0321494833904369,-0.364521102107508,0.742865650177381,0.0478136639446498,0.0504248649424175,0.566037735849057
"X254",1703111010,254,104646501,191.346,0.3799436,2852.74,2941.63877993123,0.2777778,0.2405945,0.2182656,2869.40852123711,1217,29.7866012154556,52.83,156.96,0,0,43.1372498340938,2003,2869.40852123711,0,0,78.48,78.48,0,411.57,411.57,1217,0.2777778,0.05166029656489,-1.58681612624401,-1.58730111375103,-0.710941469103707,-0.866991510964296,-0.682160925245455,-0.785387907458503,-0.385832398658355,-0.0107217844022464,-0.349423381981117,0.781607782173524,0.0249098255610225,0.0310605194295131,0.566037735849057
"X255",1703111012,255,187832151,328.1752,0.6186727,4358.905,4915.95482478251,0.3888889,0.5632918,0.5078773,4463.35184214672,3096,30.1388979889626,918.63,795.87,1,0,89.9363818006875,2003,4463.35184214672,120961539,0,45.18,45.18,0.99,674.46,673.47,3096,0.3888889,0.653769749101336,-1.29741357074155,-0.474014992878673,-0.294068132376752,0.235081590319119,0.249313435053692,-0.101887502381173,0.0637492732126521,0.208314753457441,-0.00346464884102322,1.48889382942812,0.0230286022734802,0.0260767478295945,1
"X257",1703120002,257,189528905,199.2467,0.5137167,7337.36,5701.53489760757,0.4444444,0.306378,0.2402758,7030.64279330142,4485,30.1636048022184,1596.78,1408.32,0,0,114.574961295125,2003,7030.64279330142,0,0.18,77.31,77.49,11.97,553.14,541.17,4485,0.4444444,0.666051093564342,-1.57010563776452,-0.963465412212887,0.530302686319129,-0.64232825577661,-0.611369804012934,0.433473781637297,0.494711842177605,0.323632045113504,0.252276000616981,1.16249136736061,0.0392637839800992,0.0475129524727562,0.566037735849057
"X258",1703120005,258,90648653,317.9565,0.7419979,8753.619,6206.94763736248,0.3888889,0.7151622,0.6470454,8276.11811950547,937,30.1908993530273,752.49,243.72,0,0,7.01563918811875,2003,8276.11811950547,0,7.11,15.75,22.86,33.03,159.03,126,937,0.3888889,-0.0496580990474349,-1.31902677825803,0.101098110273847,0.922292020156777,0.753748101384296,0.696917992885948,-0.233045688220336,-0.324782006816736,-0.179783735026838,-0.400976572656597,0.10216764229116,0.161941167498481,0.152188032919209,1.13207547169811
"X259",1703120006,259,122951420,430.434,0.7974734,6391.914,7772.69026560163,0.5555556,0.6262067,0.6925982,6650.8095498003,1208,30.208561801234,480.96,997.56,0,0,2.974655917625,2003,6650.8095498003,0,0.45,15.12,15.57,0.63,64.08,63.45,1208,0.5555556,0.184153878785069,-1.08112963396041,0.35980182171269,0.268624033107063,0.449948026945443,0.843428873626729,-0.447403351642197,0.205672435159817,-0.198696970121661,-0.351080448824258,-0.15328829055841,0.236606367342665,0.241594130553082,1.69811320754717
"X260",1703120007,260,144630132,402.5268,0.7629633,3008.535,7528.4534989738,0.4444444,0.657259,0.6779144,3856.01971855759,2020,30.3097942104001,816.66,1669.5,0,0,0.614678061,2003,3856.01971855759,0,2.79,26.82,29.61,3.78,97.92,94.14,2020,0.4444444,0.341067449984131,-1.14015515626792,0.198867878762638,-0.667820840556785,0.555997580390678,0.796201557838864,-0.182387082313877,0.678496320522395,-0.209742503605267,-0.201576195865367,-0.062244280367473,0.317830052986658,0.311210018580616,1.69811320754717
"X261",1703131013,261,42589811,93.93927,0.3451883,5162.084,3161.98122505128,0.1666667,0,0.04773678,4787.06472969711,635,34.1617823174659,0,532.8,0,0,5.00084237035625,2003,4787.06472969711,0,0,51.39,51.39,0,173.07,173.07,635,0.1666667,-0.397514767188582,-1.79283762300887,-1.74937851913126,-0.0717658549244022,-1.68866782113712,-1.23063056069895,-0.827094221157088,-0.121365141053999,-0.189213698808397,-0.456580371170865,0.1399412209874,0.0359601730422104,0.0498830860236242,0.566037735849057
